Accident_severity,Number_of_casualties,Time,Day_of_week,Area_accident_occured,Types_of_Junction,Road_allignment,Lanes_or_Medians,Weather_conditions,Light_conditions,Road_surface_conditions,Type_of_collision,Vehicle_movement,Cause_of_accident,Age_band_of_driver,Driving_experience,Sex_of_driver,Type_of_vehicle,Hour,Time_period,severity_score,is_weekend
slight injury,2,1900-01-01 14:29:00,wednesday,other,other,tangent road with flat terrain,other,normal,daylight,dry,vehicle with vehicle collision,going straight,driving at high speed,over 51,below 1yr,male,automobile,14,afternoon,1,False
slight injury,2,1900-01-01 14:29:00,wednesday,other,other,tangent road with flat terrain,other,normal,daylight,dry,vehicle with vehicle collision,going straight,no priority to vehicle,over 51,below 1yr,male,long lorry,14,afternoon,1,False
slight injury,3,1900-01-01 16:40:00,tuesday,other,crossing,tangent road with flat terrain,one way,normal,daylight,dry,vehicle with vehicle collision,going straight,no priority to pedestrian,18-30,2-5yr,male,long lorry,16,afternoon,1,False
slight injury,3,1900-01-01 16:40:00,tuesday,other,crossing,tangent road with flat terrain,two-way (divided with broken lines road marking),normal,daylight,dry,vehicle with vehicle collision,going straight,no priority to vehicle,18-30,below 1yr,male,automobile,16,afternoon,1,False
slight injury,3,1900-01-01 16:40:00,tuesday,other,crossing,tangent road with flat terrain,other,normal,daylight,dry,vehicle with vehicle collision,turnover,other,18-30,below 1yr,male,stationwagen,16,afternoon,1,False
slight injury,1,1900-01-01 19:02:00,thursday,school areas,y shape,tangent road with flat terrain,undivided two way,normal,darkness - lights lit,dry,vehicle with vehicle collision,going straight,other,18-30,5-10yr,male,automobile,19,evening,1,False
serious injury,1,1900-01-01 13:33:00,thursday,office areas,no junction,tangent road with flat terrain,two-way (divided with broken lines road marking),normal,daylight,dry,vehicle with vehicle collision,going straight,moving backward,31-50,5-10yr,male,other,13,afternoon,2,False
serious injury,1,1900-01-01 13:33:00,thursday,office areas,no junction,tangent road with flat terrain,two-way (divided with broken lines road marking),normal,daylight,dry,vehicle with vehicle collision,going straight,no distancing,31-50,below 1yr,male,special vehicle,13,afternoon,2,False
slight injury,1,1900-01-01 11:30:00,tuesday,office areas,no junction,tangent road with flat terrain,two-way (divided with broken lines road marking),normal,daylight,dry,vehicle with vehicle collision,moving backward,moving backward,18-30,below 1yr,male,lorry (41?100q),11,morning,1,False
slight injury,2,1900-01-01 08:45:00,friday,school areas,y shape,tangent road with flat terrain,two-way (divided with broken lines road marking),normal,daylight,wet or damp,vehicle with vehicle collision,going straight,no priority to vehicle,18-30,1-2yr,male,pick up upto 10q,8,morning,1,False
slight injury,2,1900-01-01 08:45:00,friday,school areas,y shape,tangent road with flat terrain,undivided two way,normal,daylight,wet or damp,vehicle with vehicle collision,moving backward,driving carelessly,18-30,above 10yr,male,lorry (11?40q),8,morning,1,False
slight injury,2,1900-01-01 08:45:00,friday,office areas,y shape,tangent road with flat terrain,two-way (divided with broken lines road marking),normal,daylight,wet or damp,vehicle with vehicle collision,turnover,no distancing,18-30,above 10yr,male,lorry (41?100q),8,morning,1,False
slight injury,3,1900-01-01 17:50:00,wednesday,office areas,no junction,tangent road with flat terrain,two-way (divided with broken lines road marking),normal,daylight,dry,collision with roadside objects,going straight,other,18-30,below 1yr,male,motorcycle,17,afternoon,1,False
slight injury,3,1900-01-01 17:50:00,wednesday,school areas,no junction,tangent road with flat terrain,two-way (divided with broken lines road marking),normal,daylight,dry,vehicle with vehicle collision,going straight,changing lane to the right,31-50,2-5yr,male,automobile,17,afternoon,1,False
slight injury,3,1900-01-01 17:50:00,wednesday,other,no junction,tangent road with flat terrain,two-way (divided with broken lines road marking),normal,daylight,dry,vehicle with vehicle collision,going straight,no distancing,31-50,2-5yr,male,automobile,17,afternoon,1,False
slight injury,1,1900-01-01 09:45:00,friday,other,no junction,tangent road with flat terrain,two-way (divided with broken lines road marking),normal,daylight,dry,vehicle with vehicle collision,going straight,driving carelessly,over 51,above 10yr,male,automobile,9,morning,1,False
slight injury,1,1900-01-01 09:45:00,friday,other,no junction,tangent road with flat terrain,undivided two way,normal,daylight,dry,vehicle with vehicle collision,going straight,no distancing,31-50,2-5yr,male,stationwagen,9,morning,1,False
slight injury,3,1900-01-01 09:50:00,tuesday,other,y shape,tangent road with flat terrain,two-way (divided with broken lines road marking),normal,daylight,dry,collision with pedestrians,going straight,no priority to vehicle,31-50,2-5yr,male,automobile,9,morning,1,False
slight injury,3,1900-01-01 09:50:00,tuesday,residential areas,y shape,tangent road with flat terrain,undivided two way,normal,daylight,dry,vehicle with vehicle collision,going straight,changing lane to the right,31-50,1-2yr,male,public (> 45 seats),9,morning,1,False
slight injury,3,1900-01-01 09:50:00,tuesday,other,y shape,tangent road with flat terrain,undivided two way,normal,daylight,dry,vehicle with vehicle collision,reversing,no priority to pedestrian,31-50,5-10yr,male,public (> 45 seats),9,morning,1,False
slight injury,3,1900-01-01 09:50:00,tuesday,other,y shape,tangent road with flat terrain,undivided two way,normal,daylight,dry,vehicle with vehicle collision,going straight,no priority to vehicle,18-30,below 1yr,male,stationwagen,9,morning,1,False
slight injury,1,1900-01-01 18:40:00,thursday,industrial areas,y shape,tangent road with flat terrain,undivided two way,normal,daylight,dry,vehicle with vehicle collision,going straight,changing lane to the left,18-30,below 1yr,male,automobile,18,evening,1,False
slight injury,1,1900-01-01 18:44:00,tuesday,recreational areas,crossing,tangent road with flat terrain,undivided two way,windy,daylight,wet or damp,vehicle with vehicle collision,going straight,turnover,31-50,5-10yr,male,bicycle,18,evening,1,False
serious injury,1,1900-01-01 19:33:00,sunday,church areas,no junction,tangent road with flat terrain,two-way (divided with broken lines road marking),normal,daylight,dry,vehicle with vehicle collision,turnover,driving to the left,31-50,below 1yr,male,automobile,19,evening,2,True
serious injury,1,1900-01-01 19:33:00,sunday,office areas,no junction,tangent road with flat terrain,two-way (divided with broken lines road marking),normal,daylight,dry,vehicle with vehicle collision,reversing,driving carelessly,over 51,1-2yr,male,lorry (41?100q),19,evening,2,True
serious injury,1,1900-01-01 19:33:00,sunday,other,no junction,tangent road with flat terrain,two-way (divided with broken lines road marking),normal,daylight,dry,vehicle with vehicle collision,going straight,driving to the left,under 18,2-5yr,male,automobile,19,evening,2,True
slight injury,1,1900-01-01 12:25:00,thursday,office areas,y shape,tangent road with flat terrain,undivided two way,normal,daylight,dry,collision with pedestrians,going straight,driving carelessly,over 51,1-2yr,male,public (13?45 seats),12,afternoon,1,False
slight injury,1,1900-01-01 12:25:00,thursday,office areas,y shape,tangent road with flat terrain,two-way (divided with broken lines road marking),normal,daylight,dry,vehicle with vehicle collision,turnover,no priority to pedestrian,31-50,5-10yr,male,special vehicle,12,afternoon,1,False
slight injury,1,1900-01-01 19:00:00,thursday,other,no junction,tangent road with flat terrain,two-way (divided with broken lines road marking),normal,daylight,dry,vehicle with vehicle collision,moving backward,driving carelessly,18-30,below 1yr,male,automobile,19,evening,1,False
slight injury,1,1900-01-01 19:00:00,thursday,residential areas,no junction,tangent road with flat terrain,undivided two way,normal,daylight,dry,vehicle with vehicle collision,going straight,changing lane to the right,31-50,above 10yr,male,public (13?45 seats),19,evening,1,False
serious injury,3,1900-01-01 20:00:00,friday,office areas,no junction,tangent road with mountainous terrain and,other,normal,daylight,dry,vehicle with vehicle collision,going straight,moving backward,18-30,5-10yr,female,automobile,20,evening,2,False
serious injury,3,1900-01-01 20:00:00,friday,residential areas,no junction,tangent road with flat terrain,other,normal,daylight,dry,collision with roadside objects,going straight,driving carelessly,18-30,below 1yr,female,lorry (41?100q),20,evening,2,False
serious injury,3,1900-01-01 20:00:00,friday,school areas,no junction,tangent road with flat terrain,two-way (divided with broken lines road marking),normal,daylight,dry,vehicle with vehicle collision,reversing,changing lane to the right,18-30,5-10yr,female,lorry (41?100q),20,evening,2,False
serious injury,1,1900-01-01 13:50:00,sunday,office areas,no junction,sharp reverse curve,two-way (divided with broken lines road marking),normal,daylight,dry,vehicle with vehicle collision,going straight,driving carelessly,31-50,5-10yr,male,public (12 seats),13,afternoon,2,True
slight injury,4,1900-01-01 12:05:00,friday,other,y shape,tangent road with flat terrain,other,normal,daylight,dry,vehicle with vehicle collision,going straight,driving carelessly,18-30,2-5yr,male,lorry (41?100q),12,afternoon,1,False
slight injury,4,1900-01-01 12:05:00,friday,other,y shape,tangent road with flat terrain,undivided two way,normal,daylight,dry,vehicle with vehicle collision,going straight,driving carelessly,18-30,above 10yr,male,lorry (41?100q),12,afternoon,1,False
slight injury,4,1900-01-01 12:05:00,friday,church areas,y shape,tangent road with flat terrain,other,normal,daylight,dry,vehicle with vehicle collision,parked,changing lane to the right,18-30,5-10yr,male,public (12 seats),12,afternoon,1,False
slight injury,4,1900-01-01 12:05:00,friday,office areas,y shape,tangent road with flat terrain,two-way (divided with broken lines road marking),normal,daylight,dry,vehicle with vehicle collision,going straight,changing lane to the right,31-50,1-2yr,male,public (> 45 seats),12,afternoon,1,False
serious injury,1,1900-01-01 17:05:00,wednesday,other,y shape,tangent road with flat terrain,two-way (divided with broken lines road marking),windy,daylight,wet or damp,vehicle with vehicle collision,going straight,driving carelessly,over 51,5-10yr,male,automobile,17,afternoon,2,False
serious injury,1,1900-01-01 17:05:00,wednesday,office areas,y shape,tangent road with mild grade and flat terrain,two-way (divided with broken lines road marking),windy,daylight,wet or damp,collision with roadside objects,going straight,overtaking,31-50,2-5yr,male,pick up upto 10q,17,afternoon,2,False
slight injury,1,1900-01-01 20:40:00,saturday,office areas,crossing,tangent road with flat terrain,two-way (divided with broken lines road marking),normal,darkness - lights lit,dry,vehicle with vehicle collision,going straight,changing lane to the right,18-30,below 1yr,male,stationwagen,20,evening,1,True
slight injury,1,1900-01-01 20:40:00,saturday,office areas,crossing,sharp reverse curve,two-way (divided with broken lines road marking),normal,darkness - lights lit,dry,vehicle with vehicle collision,going straight,no distancing,31-50,below 1yr,male,other,20,evening,1,True
serious injury,1,1900-01-01 19:08:00,thursday,church areas,y shape,sharp reverse curve,undivided two way,normal,daylight,dry,vehicle with vehicle collision,stopping,other,18-30,5-10yr,male,automobile,19,evening,2,False
slight injury,1,1900-01-01 19:16:00,tuesday,office areas,no junction,gentle horizontal curve,undivided two way,normal,daylight,dry,vehicle with vehicle collision,going straight,changing lane to the right,over 51,5-10yr,male,automobile,19,evening,1,False
slight injury,1,1900-01-01 19:16:00,tuesday,other,no junction,gentle horizontal curve,double carriageway (median),normal,daylight,dry,rollover,overtaking,changing lane to the right,31-50,1-2yr,male,stationwagen,19,evening,1,False
slight injury,2,1900-01-01 09:55:00,monday,other,no junction,tangent road with flat terrain,two-way (divided with broken lines road marking),normal,daylight,dry,vehicle with vehicle collision,going straight,overtaking,over 51,5-10yr,male,pick up upto 10q,9,morning,1,False
slight injury,2,1900-01-01 09:55:00,monday,church areas,no junction,tangent road with mountainous terrain and,two-way (divided with broken lines road marking),normal,daylight,dry,vehicle with vehicle collision,reversing,other,over 51,above 10yr,male,lorry (41?100q),9,morning,1,False
slight injury,1,1900-01-01 19:00:00,thursday,school areas,no junction,tangent road with flat terrain,undivided two way,normal,daylight,dry,collision with roadside objects,going straight,driving to the left,18-30,1-2yr,male,automobile,19,evening,1,False
slight injury,1,1900-01-01 10:31:00,sunday,church areas,other,tangent road with flat terrain,two-way (divided with broken lines road marking),normal,daylight,dry,vehicle with vehicle collision,going straight,overtaking,31-50,5-10yr,male,automobile,10,morning,1,True
slight injury,1,1900-01-01 10:31:00,sunday,office areas,other,tangent road with flat terrain,undivided two way,normal,daylight,dry,vehicle with vehicle collision,going straight,no priority to vehicle,31-50,above 10yr,male,lorry (41?100q),10,morning,1,True
serious injury,3,1900-01-01 12:37:00,sunday,other,y shape,tangent road with flat terrain,other,normal,daylight,dry,vehicle with vehicle collision,going straight,moving backward,31-50,2-5yr,male,lorry (41?100q),12,afternoon,2,True
serious injury,3,1900-01-01 12:37:00,sunday,church areas,y shape,steep grade upward with mountainous terrain,two-way (divided with broken lines road marking),normal,daylight,dry,collision with roadside objects,moving backward,other,31-50,5-10yr,male,lorry (41?100q),12,afternoon,2,True
serious injury,3,1900-01-01 12:37:00,sunday,other,y shape,tangent road with flat terrain,double carriageway (median),normal,daylight,dry,collision with roadside objects,going straight,no priority to vehicle,over 51,below 1yr,male,pick up upto 10q,12,afternoon,2,True
slight injury,2,1900-01-01 14:51:00,sunday,other,y shape,tangent road with flat terrain,double carriageway (median),normal,daylight,dry,vehicle with vehicle collision,moving backward,no priority to pedestrian,18-30,5-10yr,male,pick up upto 10q,14,afternoon,1,True
slight injury,2,1900-01-01 14:51:00,sunday,office areas,y shape,gentle horizontal curve,two-way (divided with broken lines road marking),normal,daylight,dry,vehicle with vehicle collision,going straight,changing lane to the right,31-50,above 10yr,male,automobile,14,afternoon,1,True
slight injury,2,1900-01-01 14:51:00,sunday,other,y shape,tangent road with flat terrain,two-way (divided with broken lines road marking),normal,daylight,dry,collision with roadside objects,going straight,changing lane to the right,31-50,5-10yr,male,other,14,afternoon,1,True
slight injury,1,1900-01-01 07:50:00,friday,other,y shape,tangent road with flat terrain,two-way (divided with broken lines road marking),normal,daylight,dry,collision with roadside objects,going straight,changing lane to the right,18-30,1-2yr,male,automobile,7,morning,1,False
slight injury,1,1900-01-01 07:50:00,friday,residential areas,y shape,tangent road with flat terrain,two-way (divided with broken lines road marking),normal,daylight,dry,vehicle with vehicle collision,going straight,driving to the left,18-30,5-10yr,male,automobile,7,morning,1,False
slight injury,2,1900-01-01 20:39:00,saturday,office areas,y shape,tangent road with flat terrain,two-way (divided with broken lines road marking),normal,darkness - lights lit,dry,vehicle with vehicle collision,going straight,changing lane to the left,18-30,1-2yr,male,motorcycle,20,evening,1,True
slight injury,2,1900-01-01 20:39:00,saturday,church areas,y shape,tangent road with flat terrain,one way,normal,darkness - lights lit,dry,vehicle with vehicle collision,going straight,moving backward,31-50,1-2yr,male,automobile,20,evening,1,True
slight injury,2,1900-01-01 20:39:00,saturday,other,y shape,tangent road with flat terrain,undivided two way,normal,darkness - lights lit,dry,collision with roadside objects,turnover,driving at high speed,31-50,1-2yr,male,automobile,20,evening,1,True
slight injury,2,1900-01-01 20:39:00,saturday,market areas,y shape,steep grade downward with mountainous terrain,other,normal,darkness - lights lit,dry,vehicle with vehicle collision,going straight,moving backward,18-30,5-10yr,male,public (12 seats),20,evening,1,True
slight injury,1,1900-01-01 11:10:00,tuesday,residential areas,y shape,tangent road with flat terrain,two-way (divided with broken lines road marking),normal,daylight,dry,collision with roadside-parked vehicles,going straight,no distancing,31-50,1-2yr,male,automobile,11,morning,1,False
slight injury,1,1900-01-01 11:10:00,tuesday,office areas,y shape,tangent road with flat terrain,undivided two way,normal,daylight,dry,vehicle with vehicle collision,going straight,other,18-30,above 10yr,male,public (> 45 seats),11,morning,1,False
slight injury,1,1900-01-01 17:19:00,friday,recreational areas,no junction,tangent road with flat terrain,other,normal,daylight,dry,collision with roadside objects,reversing,no priority to vehicle,18-30,1-2yr,male,lorry (41?100q),17,afternoon,1,False
slight injury,1,1900-01-01 17:19:00,friday,office areas,no junction,tangent road with mild grade and flat terrain,other,normal,daylight,dry,vehicle with vehicle collision,getting off,changing lane to the right,31-50,5-10yr,male,public (> 45 seats),17,afternoon,1,False
serious injury,1,1900-01-01 16:56:00,wednesday,industrial areas,y shape,tangent road with flat terrain,other,normal,daylight,dry,vehicle with vehicle collision,going straight,other,18-30,2-5yr,male,automobile,16,afternoon,2,False
serious injury,1,1900-01-01 16:56:00,wednesday,other,y shape,tangent road with flat terrain,two-way (divided with broken lines road marking),normal,daylight,dry,vehicle with vehicle collision,getting off,no distancing,18-30,5-10yr,male,automobile,16,afternoon,2,False
serious injury,1,1900-01-01 01:02:00,sunday,residential areas,no junction,tangent road with flat terrain,undivided two way,normal,darkness - lights lit,dry,vehicle with vehicle collision,going straight,driving carelessly,18-30,2-5yr,male,automobile,1,night,2,True
slight injury,1,1900-01-01 07:46:00,saturday,residential areas,crossing,tangent road with flat terrain,other,normal,daylight,dry,vehicle with vehicle collision,going straight,no distancing,18-30,2-5yr,male,automobile,7,morning,1,True
slight injury,1,1900-01-01 07:46:00,saturday,industrial areas,crossing,tangent road with flat terrain,other,normal,daylight,dry,collision with roadside-parked vehicles,going straight,moving backward,18-30,above 10yr,male,lorry (41?100q),7,morning,1,True
slight injury,1,1900-01-01 08:00:00,wednesday,residential areas,no junction,tangent road with flat terrain,undivided two way,normal,daylight,wet or damp,collision with roadside-parked vehicles,going straight,no distancing,over 51,1-2yr,male,automobile,8,morning,1,False
slight injury,1,1900-01-01 08:00:00,wednesday,residential areas,no junction,tangent road with flat terrain,other,normal,daylight,wet or damp,collision with animals,going straight,moving backward,31-50,1-2yr,male,public (13?45 seats),8,morning,1,False
slight injury,1,1900-01-01 08:00:00,wednesday,office areas,no junction,tangent road with flat terrain,undivided two way,normal,daylight,wet or damp,collision with animals,going straight,no priority to pedestrian,18-30,no licence,male,automobile,8,morning,1,False
slight injury,1,1900-01-01 18:46:00,saturday,office areas,y shape,escarpments,double carriageway (median),normal,daylight,dry,collision with animals,going straight,changing lane to the left,18-30,1-2yr,female,public (> 45 seats),18,evening,1,True
slight injury,1,1900-01-01 18:42:00,thursday,office areas,y shape,tangent road with flat terrain,other,normal,daylight,dry,collision with animals,going straight,no distancing,18-30,5-10yr,male,lorry (41?100q),18,evening,1,False
serious injury,1,1900-01-01 08:45:00,sunday,office areas,crossing,escarpments,undivided two way,normal,daylight,dry,collision with animals,going straight,other,31-50,above 10yr,male,automobile,8,morning,2,True
serious injury,1,1900-01-01 08:45:00,sunday,office areas,crossing,tangent road with flat terrain,one way,normal,daylight,dry,collision with animals,moving backward,no distancing,31-50,above 10yr,male,lorry (11?40q),8,morning,2,True
slight injury,2,1900-01-01 21:40:00,thursday,office areas,crossing,tangent road with flat terrain,undivided two way,normal,darkness - lights lit,dry,collision with animals,going straight,no priority to pedestrian,under 18,5-10yr,male,public (13?45 seats),21,evening,1,False
slight injury,2,1900-01-01 21:40:00,thursday,office areas,crossing,tangent road with flat terrain,other,normal,darkness - lights lit,dry,collision with animals,going straight,moving backward,under 18,2-5yr,male,public (13?45 seats),21,evening,1,False
slight injury,1,1900-01-01 18:50:00,thursday,residential areas,y shape,tangent road with flat terrain,other,normal,daylight,dry,collision with animals,going straight,no priority to pedestrian,31-50,2-5yr,male,automobile,18,evening,1,False
slight injury,1,1900-01-01 18:50:00,thursday,residential areas,y shape,tangent road with flat terrain,one way,normal,daylight,dry,collision with animals,going straight,no distancing,under 18,below 1yr,male,long lorry,18,evening,1,False
slight injury,2,1900-01-01 21:55:00,saturday,other,crossing,tangent road with flat terrain,one way,normal,darkness - lights lit,dry,collision with animals,going straight,no priority to pedestrian,18-30,2-5yr,male,lorry (41?100q),21,evening,1,True
slight injury,2,1900-01-01 21:55:00,saturday,church areas,crossing,tangent road with flat terrain,undivided two way,normal,darkness - lights lit,dry,collision with animals,going straight,moving backward,18-30,2-5yr,male,lorry (11?40q),21,evening,1,True
slight injury,1,1900-01-01 17:45:00,friday,recreational areas,no junction,tangent road with flat terrain,other,raining,daylight,wet or damp,other,going straight,overtaking,over 51,5-10yr,male,lorry (41?100q),17,afternoon,1,False
slight injury,1,1900-01-01 17:45:00,friday,industrial areas,no junction,tangent road with flat terrain,undivided two way,raining,daylight,wet or damp,rollover,going straight,changing lane to the left,31-50,above 10yr,male,public (12 seats),17,afternoon,1,False
slight injury,1,1900-01-01 08:28:00,sunday,residential areas,y shape,tangent road with flat terrain,other,normal,daylight,wet or damp,collision with animals,going straight,changing lane to the right,18-30,5-10yr,male,automobile,8,morning,1,True
slight injury,1,1900-01-01 08:28:00,sunday,residential areas,y shape,tangent road with rolling terrain,other,normal,daylight,wet or damp,rollover,going straight,overtaking,over 51,2-5yr,male,taxi,8,morning,1,True
slight injury,1,1900-01-01 13:10:00,monday,office areas,no junction,tangent road with flat terrain,double carriageway (median),normal,daylight,wet or damp,collision with animals,going straight,overloading,18-30,5-10yr,male,automobile,13,afternoon,1,False
slight injury,1,1900-01-01 13:10:00,monday,market areas,no junction,tangent road with flat terrain,undivided two way,normal,daylight,wet or damp,collision with animals,going straight,other,31-50,2-5yr,male,automobile,13,afternoon,1,False
slight injury,4,1900-01-01 13:55:00,sunday,other,y shape,tangent road with flat terrain,other,normal,daylight,dry,vehicle with vehicle collision,going straight,no priority to vehicle,31-50,5-10yr,male,automobile,13,afternoon,1,True
slight injury,4,1900-01-01 13:55:00,sunday,industrial areas,y shape,tangent road with flat terrain,other,normal,daylight,dry,fall from vehicles,going straight,changing lane to the right,31-50,1-2yr,male,lorry (41?100q),13,afternoon,1,True
slight injury,4,1900-01-01 13:55:00,sunday,residential areas,y shape,tangent road with flat terrain,two-way (divided with solid lines road marking),normal,daylight,dry,collision with roadside-parked vehicles,going straight,moving backward,under 18,2-5yr,male,automobile,13,afternoon,1,True
slight injury,4,1900-01-01 13:55:00,sunday,residential areas,y shape,tangent road with flat terrain,undivided two way,normal,daylight,dry,collision with roadside-parked vehicles,going straight,changing lane to the left,under 18,above 10yr,male,automobile,13,afternoon,1,True
slight injury,1,1900-01-01 17:25:00,saturday,other,y shape,tangent road with flat terrain,undivided two way,normal,daylight,dry,rollover,going straight,no priority to pedestrian,18-30,below 1yr,male,lorry (41?100q),17,afternoon,1,True
slight injury,1,1900-01-01 16:40:00,sunday,residential areas,no junction,tangent road with flat terrain,other,normal,daylight,dry,collision with animals,reversing,no distancing,31-50,2-5yr,male,automobile,16,afternoon,1,True
slight injury,1,1900-01-01 08:50:00,tuesday,rural village areas,crossing,gentle horizontal curve,undivided two way,normal,daylight,dry,collision with animals,going straight,no priority to vehicle,31-50,below 1yr,male,automobile,8,morning,1,False
slight injury,2,1900-01-01 18:37:00,wednesday,rural village areas,y shape,gentle horizontal curve,undivided two way,normal,daylight,dry,fall from vehicles,going straight,no distancing,18-30,5-10yr,male,automobile,18,evening,1,False
slight injury,2,1900-01-01 18:37:00,wednesday,office areas,y shape,tangent road with flat terrain,double carriageway (median),normal,daylight,dry,collision with roadside-parked vehicles,going straight,no distancing,31-50,1-2yr,male,taxi,18,evening,1,False
slight injury,2,1900-01-01 18:37:00,wednesday,residential areas,y shape,gentle horizontal curve,undivided two way,normal,daylight,dry,collision with animals,going straight,moving backward,31-50,below 1yr,male,automobile,18,evening,1,False
serious injury,1,1900-01-01 07:50:00,friday,residential areas,crossing,tangent road with flat terrain,other,normal,daylight,dry,collision with animals,going straight,changing lane to the right,over 51,5-10yr,male,automobile,7,morning,2,False
serious injury,1,1900-01-01 07:50:00,friday,outside rural areas,crossing,tangent road with flat terrain,other,normal,daylight,dry,collision with pedestrians,going straight,no priority to pedestrian,31-50,below 1yr,male,automobile,7,morning,2,False
serious injury,1,1900-01-01 17:40:00,thursday,residential areas,no junction,tangent road with flat terrain,other,normal,daylight,dry,vehicle with vehicle collision,going straight,moving backward,18-30,below 1yr,male,pick up upto 10q,17,afternoon,2,False
slight injury,1,1900-01-01 16:00:00,tuesday,church areas,crossing,tangent road with flat terrain,other,normal,daylight,wet or damp,vehicle with vehicle collision,going straight,getting off the vehicle improperly,31-50,5-10yr,male,automobile,16,afternoon,1,False
slight injury,1,1900-01-01 16:00:00,tuesday,office areas,crossing,tangent road with flat terrain,undivided two way,normal,daylight,wet or damp,collision with pedestrians,going straight,overtaking,31-50,2-5yr,male,automobile,16,afternoon,1,False
slight injury,1,1900-01-01 00:11:00,sunday,office areas,crossing,tangent road with mountainous terrain and,two-way (divided with broken lines road marking),normal,darkness - lights lit,dry,vehicle with vehicle collision,going straight,overloading,18-30,above 10yr,female,public (12 seats),0,night,1,True
slight injury,1,1900-01-01 00:11:00,sunday,office areas,crossing,escarpments,two-way (divided with broken lines road marking),normal,darkness - lights lit,dry,collision with roadside objects,going straight,changing lane to the right,under 18,above 10yr,male,public (13?45 seats),0,night,1,True
fatal injury,1,1900-01-01 17:10:00,thursday,other,no junction,tangent road with mountainous terrain and,undivided two way,normal,daylight,dry,vehicle with vehicle collision,moving backward,improper parking,18-30,5-10yr,male,lorry (11?40q),17,afternoon,3,False
fatal injury,1,1900-01-01 17:10:00,thursday,other,no junction,tangent road with flat terrain,undivided two way,normal,daylight,dry,vehicle with vehicle collision,going straight,other,18-30,1-2yr,male,stationwagen,17,afternoon,3,False
serious injury,1,1900-01-01 15:00:00,wednesday,residential areas,no junction,tangent road with flat terrain,two-way (divided with broken lines road marking),normal,daylight,dry,vehicle with vehicle collision,turnover,changing lane to the left,18-30,below 1yr,male,ridden horse,15,afternoon,2,False
serious injury,1,1900-01-01 15:00:00,wednesday,other,no junction,tangent road with flat terrain,two-way (divided with broken lines road marking),normal,daylight,dry,rollover,turnover,changing lane to the right,31-50,below 1yr,male,stationwagen,15,afternoon,2,False
slight injury,1,1900-01-01 08:20:00,friday,other,other,tangent road with mild grade and flat terrain,undivided two way,normal,daylight,dry,vehicle with vehicle collision,reversing,no priority to pedestrian,over 51,2-5yr,male,automobile,8,morning,1,False
slight injury,1,1900-01-01 08:20:00,friday,other,other,tangent road with flat terrain,two-way (divided with broken lines road marking),normal,daylight,dry,vehicle with vehicle collision,reversing,overspeed,31-50,1-2yr,male,automobile,8,morning,1,False
slight injury,1,1900-01-01 15:30:00,thursday,other,crossing,tangent road with flat terrain,undivided two way,normal,daylight,dry,vehicle with vehicle collision,reversing,changing lane to the left,31-50,5-10yr,male,other,15,afternoon,1,False
slight injury,1,1900-01-01 15:30:00,thursday,other,crossing,tangent road with mild grade and flat terrain,double carriageway (median),normal,daylight,dry,collision with pedestrians,moving backward,no priority to vehicle,18-30,2-5yr,male,taxi,15,afternoon,1,False
serious injury,1,1900-01-01 07:35:00,thursday,other,y shape,tangent road with flat terrain,two-way (divided with broken lines road marking),normal,daylight,dry,vehicle with vehicle collision,going straight,changing lane to the right,18-30,5-10yr,female,automobile,7,morning,2,False
serious injury,1,1900-01-01 07:35:00,thursday,church areas,y shape,tangent road with flat terrain,two-way (divided with broken lines road marking),normal,daylight,dry,collision with roadside objects,going straight,no distancing,31-50,above 10yr,male,stationwagen,7,morning,2,False
slight injury,2,1900-01-01 17:37:00,monday,other,crossing,tangent road with flat terrain,undivided two way,normal,daylight,wet or damp,vehicle with vehicle collision,going straight,no priority to pedestrian,31-50,5-10yr,male,automobile,17,afternoon,1,False
slight injury,2,1900-01-01 17:37:00,monday,industrial areas,crossing,tangent road with flat terrain,two-way (divided with broken lines road marking),normal,daylight,wet or damp,rollover,going straight,no distancing,31-50,5-10yr,male,public (12 seats),17,afternoon,1,False
slight injury,4,1900-01-01 17:38:00,thursday,residential areas,y shape,tangent road with flat terrain,double carriageway (median),normal,daylight,dry,vehicle with vehicle collision,going straight,no priority to vehicle,18-30,5-10yr,male,automobile,17,afternoon,1,False
slight injury,4,1900-01-01 17:38:00,thursday,other,y shape,tangent road with flat terrain,two-way (divided with broken lines road marking),normal,daylight,dry,vehicle with vehicle collision,going straight,other,31-50,above 10yr,male,automobile,17,afternoon,1,False
slight injury,4,1900-01-01 17:38:00,thursday,office areas,y shape,tangent road with flat terrain,two-way (divided with broken lines road marking),normal,daylight,dry,vehicle with vehicle collision,going straight,driving carelessly,31-50,1-2yr,male,lorry (41?100q),17,afternoon,1,False
slight injury,4,1900-01-01 17:38:00,thursday,industrial areas,y shape,tangent road with flat terrain,two-way (divided with broken lines road marking),normal,daylight,dry,vehicle with vehicle collision,going straight,changing lane to the left,31-50,2-5yr,male,automobile,17,afternoon,1,False
slight injury,3,1900-01-01 17:14:00,friday,industrial areas,other,tangent road with flat terrain,double carriageway (median),normal,daylight,dry,vehicle with vehicle collision,going straight,driving carelessly,18-30,1-2yr,male,public (> 45 seats),17,afternoon,1,False