Accident_severity,Number_of_casualties,Time,Day_of_week,Area_accident_occured,Types_of_Junction,Road_allignment,Lanes_or_Medians,Weather_conditions,Light_conditions,Road_surface_conditions,Type_of_collision,Vehicle_movement,Cause_of_accident,Age_band_of_driver,Driving_experience,Sex_of_driver,Type_of_vehicle,Hour,Time_period,severity_score,is_weekend
slight injury,1,1900-01-01 17:01:00,wednesday,school areas,y shape,tangent road with flat terrain,double carriageway (median),normal,darkness - no lighting,wet or damp,vehicle with vehicle collision,other,turnover,31-50,5-10yr,male,automobile,17,afternoon,1,False
slight injury,1,1900-01-01 17:01:00,wednesday,other,y shape,tangent road with flat terrain,other,normal,darkness - no lighting,wet or damp,vehicle with vehicle collision,going straight,no distancing,18-30,1-2yr,male,public (12 seats),17,afternoon,1,False
slight injury,1,1900-01-01 05:40:00,tuesday,industrial areas,y shape,tangent road with flat terrain,undivided two way,normal,darkness - lights lit,dry,vehicle with vehicle collision,going straight,no distancing,over 51,2-5yr,male,public (12 seats),5,night,1,False
slight injury,1,1900-01-01 05:40:00,tuesday,church areas,y shape,tangent road with flat terrain,two-way (divided with broken lines road marking),normal,darkness - lights lit,dry,collision with pedestrians,turnover,no distancing,18-30,1-2yr,male,lorry (41?100q),5,night,1,False
slight injury,1,1900-01-01 20:37:00,monday,office areas,y shape,tangent road with flat terrain,two-way (divided with broken lines road marking),normal,darkness - lights lit,wet or damp,vehicle with vehicle collision,moving backward,changing lane to the left,18-30,above 10yr,male,automobile,20,evening,1,False
slight injury,1,1900-01-01 20:37:00,monday,other,y shape,tangent road with flat terrain,two-way (divided with broken lines road marking),normal,darkness - lights lit,wet or damp,collision with roadside objects,going straight,no priority to vehicle,18-30,2-5yr,male,pick up upto 10q,20,evening,1,False
serious injury,1,1900-01-01 20:43:00,tuesday,office areas,no junction,tangent road with flat terrain,double carriageway (median),normal,darkness - lights lit,wet or damp,vehicle with vehicle collision,going straight,driving at high speed,18-30,2-5yr,male,pick up upto 10q,20,evening,2,False
slight injury,1,1900-01-01 16:50:00,tuesday,office areas,y shape,tangent road with flat terrain,double carriageway (median),normal,darkness - lights lit,dry,collision with roadside objects,going straight,overtaking,31-50,2-5yr,male,lorry (41?100q),16,afternoon,1,False
slight injury,1,1900-01-01 09:24:00,monday,office areas,no junction,tangent road with flat terrain,double carriageway (median),normal,daylight,dry,vehicle with vehicle collision,reversing,other,over 51,2-5yr,male,automobile,9,morning,1,False
slight injury,1,1900-01-01 09:24:00,monday,residential areas,no junction,tangent road with flat terrain,double carriageway (median),normal,daylight,dry,vehicle with vehicle collision,going straight,changing lane to the left,18-30,2-5yr,male,stationwagen,9,morning,1,False
slight injury,1,1900-01-01 20:22:00,friday,office areas,y shape,tangent road with flat terrain,double carriageway (median),normal,darkness - lights lit,wet or damp,collision with pedestrians,going straight,no priority to pedestrian,over 51,2-5yr,male,motorcycle,20,evening,1,False
slight injury,1,1900-01-01 20:22:00,friday,other,y shape,tangent road with flat terrain,undivided two way,normal,darkness - lights lit,wet or damp,vehicle with vehicle collision,going straight,changing lane to the left,18-30,5-10yr,male,automobile,20,evening,1,False
serious injury,1,1900-01-01 15:10:00,tuesday,industrial areas,no junction,tangent road with flat terrain,one way,raining,daylight,wet or damp,vehicle with vehicle collision,parked,no distancing,18-30,2-5yr,male,other,15,afternoon,2,False
serious injury,1,1900-01-01 15:10:00,tuesday,other,no junction,tangent road with flat terrain,one way,raining,daylight,wet or damp,vehicle with vehicle collision,going straight,moving backward,over 51,above 10yr,male,automobile,15,afternoon,2,False
slight injury,2,1900-01-01 16:35:00,wednesday,office areas,no junction,tangent road with flat terrain,double carriageway (median),normal,darkness - lights lit,wet or damp,vehicle with vehicle collision,going straight,changing lane to the left,18-30,above 10yr,male,automobile,16,afternoon,1,False
slight injury,2,1900-01-01 16:35:00,wednesday,office areas,no junction,tangent road with flat terrain,two-way (divided with broken lines road marking),normal,darkness - lights lit,wet or damp,collision with pedestrians,going straight,other,18-30,above 10yr,male,automobile,16,afternoon,1,False
slight injury,2,1900-01-01 16:35:00,wednesday,other,no junction,tangent road with flat terrain,double carriageway (median),normal,darkness - lights lit,wet or damp,vehicle with vehicle collision,going straight,no distancing,18-30,5-10yr,male,public (> 45 seats),16,afternoon,1,False
slight injury,2,1900-01-01 16:35:00,wednesday,other,no junction,tangent road with flat terrain,two-way (divided with broken lines road marking),normal,darkness - lights lit,wet or damp,vehicle with vehicle collision,going straight,moving backward,18-30,2-5yr,male,automobile,16,afternoon,1,False
slight injury,1,1900-01-01 15:36:00,tuesday,office areas,no junction,tangent road with flat terrain,double carriageway (median),other,daylight,wet or damp,vehicle with vehicle collision,stopping,no distancing,31-50,1-2yr,male,other,15,afternoon,1,False
slight injury,1,1900-01-01 15:19:00,wednesday,office areas,y shape,tangent road with flat terrain,two-way (divided with broken lines road marking),normal,darkness - lights lit,wet or damp,vehicle with vehicle collision,going straight,changing lane to the left,18-30,2-5yr,male,automobile,15,afternoon,1,False
slight injury,1,1900-01-01 22:40:00,thursday,office areas,no junction,tangent road with flat terrain,undivided two way,normal,darkness - lights lit,wet or damp,collision with roadside objects,overtaking,changing lane to the left,over 51,5-10yr,male,other,22,evening,1,False
slight injury,1,1900-01-01 22:40:00,thursday,other,no junction,tangent road with flat terrain,undivided two way,normal,darkness - lights lit,wet or damp,vehicle with vehicle collision,going straight,no priority to pedestrian,under 18,5-10yr,male,lorry (41?100q),22,evening,1,False
slight injury,3,1900-01-01 18:50:00,thursday,other,y shape,tangent road with flat terrain,undivided two way,normal,darkness - lights lit,wet or damp,vehicle with vehicle collision,reversing,changing lane to the left,over 51,5-10yr,male,pick up upto 10q,18,evening,1,False
slight injury,3,1900-01-01 18:50:00,thursday,recreational areas,y shape,tangent road with flat terrain,undivided two way,normal,darkness - lights lit,wet or damp,vehicle with vehicle collision,going straight,driving carelessly,31-50,above 10yr,male,public (13?45 seats),18,evening,1,False
slight injury,3,1900-01-01 18:50:00,thursday,church areas,y shape,tangent road with flat terrain,undivided two way,normal,darkness - lights lit,wet or damp,vehicle with vehicle collision,going straight,driving carelessly,31-50,above 10yr,male,automobile,18,evening,1,False
slight injury,3,1900-01-01 18:50:00,thursday,recreational areas,y shape,tangent road with flat terrain,other,normal,darkness - lights lit,wet or damp,collision with roadside objects,going straight,no priority to pedestrian,31-50,1-2yr,male,pick up upto 10q,18,evening,1,False
slight injury,3,1900-01-01 18:50:00,thursday,school areas,y shape,tangent road with flat terrain,other,normal,darkness - lights lit,wet or damp,vehicle with vehicle collision,going straight,getting off the vehicle improperly,18-30,5-10yr,female,automobile,18,evening,1,False
slight injury,3,1900-01-01 18:50:00,thursday,church areas,y shape,tangent road with flat terrain,double carriageway (median),normal,darkness - lights lit,wet or damp,vehicle with vehicle collision,moving backward,no distancing,18-30,2-5yr,female,lorry (41?100q),18,evening,1,False
slight injury,1,1900-01-01 17:05:00,tuesday,office areas,y shape,tangent road with flat terrain,two-way (divided with broken lines road marking),normal,darkness - lights lit,dry,vehicle with vehicle collision,going straight,changing lane to the left,over 51,5-10yr,male,automobile,17,afternoon,1,False
slight injury,1,1900-01-01 17:05:00,tuesday,residential areas,y shape,steep grade downward with mountainous terrain,one way,normal,darkness - lights lit,dry,vehicle with vehicle collision,moving backward,no priority to vehicle,31-50,2-5yr,male,lorry (41?100q),17,afternoon,1,False
slight injury,1,1900-01-01 17:05:00,tuesday,other,y shape,tangent road with flat terrain,one way,normal,darkness - lights lit,dry,vehicle with vehicle collision,going straight,no distancing,31-50,above 10yr,male,lorry (41?100q),17,afternoon,1,False
slight injury,1,1900-01-01 11:00:00,monday,other,y shape,tangent road with flat terrain,undivided two way,normal,daylight,wet or damp,vehicle with vehicle collision,going straight,no priority to pedestrian,31-50,5-10yr,male,lorry (41?100q),11,morning,1,False
serious injury,1,1900-01-01 17:50:00,tuesday,industrial areas,no junction,tangent road with flat terrain,one way,normal,darkness - lights lit,wet or damp,vehicle with vehicle collision,going straight,no priority to pedestrian,over 51,5-10yr,male,public (13?45 seats),17,afternoon,2,False
slight injury,1,1900-01-01 23:00:00,tuesday,church areas,y shape,steep grade downward with mountainous terrain,other,raining,darkness - lights lit,wet or damp,vehicle with vehicle collision,going straight,no priority to vehicle,over 51,1-2yr,male,automobile,23,evening,1,False
slight injury,1,1900-01-01 18:20:00,tuesday,office areas,no junction,tangent road with flat terrain,other,windy,darkness - lights lit,wet or damp,vehicle with vehicle collision,going straight,driving carelessly,18-30,above 10yr,male,other,18,evening,1,False
slight injury,1,1900-01-01 18:20:00,tuesday,office areas,no junction,tangent road with flat terrain,undivided two way,windy,darkness - lights lit,wet or damp,vehicle with vehicle collision,going straight,changing lane to the right,31-50,5-10yr,male,other,18,evening,1,False
slight injury,1,1900-01-01 18:20:00,tuesday,office areas,no junction,tangent road with flat terrain,double carriageway (median),windy,darkness - lights lit,wet or damp,vehicle with vehicle collision,turnover,changing lane to the left,18-30,2-5yr,male,other,18,evening,1,False
slight injury,1,1900-01-01 19:05:00,saturday,other,no junction,tangent road with flat terrain,two-way (divided with broken lines road marking),normal,darkness - no lighting,dry,collision with roadside objects,going straight,moving backward,31-50,2-5yr,male,automobile,19,evening,1,True
slight injury,1,1900-01-01 19:05:00,saturday,office areas,no junction,tangent road with flat terrain,undivided two way,normal,darkness - no lighting,dry,collision with roadside objects,going straight,driving carelessly,18-30,5-10yr,male,other,19,evening,1,True
slight injury,1,1900-01-01 11:05:00,sunday,other,y shape,tangent road with flat terrain,double carriageway (median),normal,daylight,dry,collision with roadside objects,going straight,driving to the left,18-30,1-2yr,male,lorry (41?100q),11,morning,1,True
slight injury,1,1900-01-01 11:05:00,sunday,industrial areas,y shape,tangent road with flat terrain,two-way (divided with broken lines road marking),normal,daylight,dry,collision with pedestrians,reversing,driving to the left,under 18,5-10yr,male,public (12 seats),11,morning,1,True
serious injury,1,1900-01-01 18:15:00,sunday,residential areas,y shape,tangent road with flat terrain,other,normal,darkness - lights lit,wet or damp,vehicle with vehicle collision,getting off,no priority to pedestrian,31-50,5-10yr,male,lorry (41?100q),18,evening,2,True
slight injury,1,1900-01-01 08:05:00,friday,other,o shape,tangent road with flat terrain,two-way (divided with broken lines road marking),cloudy,darkness - lights lit,dry,vehicle with vehicle collision,going straight,changing lane to the left,18-30,5-10yr,male,public (12 seats),8,morning,1,False
slight injury,1,1900-01-01 08:05:00,friday,other,o shape,tangent road with flat terrain,one way,cloudy,darkness - lights lit,dry,collision with pedestrians,getting off,changing lane to the right,18-30,above 10yr,male,lorry (41?100q),8,morning,1,False
slight injury,1,1900-01-01 19:47:00,thursday,other,no junction,tangent road with flat terrain,one way,normal,darkness - lights lit,dry,vehicle with vehicle collision,going straight,driving carelessly,18-30,2-5yr,female,other,19,evening,1,False
slight injury,1,1900-01-01 19:47:00,thursday,other,no junction,tangent road with flat terrain,undivided two way,normal,darkness - lights lit,dry,vehicle with vehicle collision,going straight,no distancing,31-50,5-10yr,male,lorry (41?100q),19,evening,1,False
slight injury,1,1900-01-01 18:30:00,tuesday,other,y shape,tangent road with flat terrain,two-way (divided with broken lines road marking),cloudy,darkness - lights lit,dry,vehicle with vehicle collision,going straight,getting off the vehicle improperly,over 51,5-10yr,male,automobile,18,evening,1,False
slight injury,1,1900-01-01 18:09:00,monday,residential areas,y shape,steep grade downward with mountainous terrain,other,cloudy,darkness - lights lit,wet or damp,vehicle with vehicle collision,going straight,driving under the influence of drugs,31-50,5-10yr,male,public (> 45 seats),18,evening,1,False
slight injury,1,1900-01-01 18:09:00,monday,office areas,y shape,tangent road with flat terrain,two-way (divided with broken lines road marking),cloudy,darkness - lights lit,wet or damp,vehicle with vehicle collision,going straight,changing lane to the right,18-30,5-10yr,male,lorry (41?100q),18,evening,1,False
slight injury,1,1900-01-01 17:36:00,sunday,office areas,crossing,tangent road with flat terrain,two-way (divided with broken lines road marking),normal,darkness - lights lit,wet or damp,vehicle with vehicle collision,going straight,driving carelessly,18-30,5-10yr,male,other,17,afternoon,1,True
slight injury,2,1900-01-01 19:35:00,friday,other,crossing,tangent road with flat terrain,two-way (divided with broken lines road marking),normal,darkness - lights lit,wet or damp,collision with roadside objects,going straight,moving backward,18-30,1-2yr,male,other,19,evening,1,False
slight injury,2,1900-01-01 19:35:00,friday,other,crossing,tangent road with flat terrain,one way,normal,darkness - lights lit,wet or damp,collision with pedestrians,going straight,turnover,31-50,5-10yr,male,automobile,19,evening,1,False
serious injury,1,1900-01-01 10:42:00,monday,office areas,y shape,tangent road with flat terrain,two-way (divided with broken lines road marking),normal,daylight,dry,vehicle with vehicle collision,going straight,changing lane to the right,over 51,2-5yr,male,lorry (41?100q),10,morning,2,False
serious injury,1,1900-01-01 10:42:00,monday,office areas,y shape,tangent road with flat terrain,undivided two way,normal,daylight,dry,vehicle with vehicle collision,moving backward,driving carelessly,31-50,5-10yr,male,pick up upto 10q,10,morning,2,False
slight injury,1,1900-01-01 08:05:00,tuesday,other,no junction,tangent road with flat terrain,two-way (divided with broken lines road marking),normal,daylight,dry,collision with roadside objects,going straight,no priority to vehicle,18-30,2-5yr,male,automobile,8,morning,1,False
serious injury,1,1900-01-01 15:35:00,thursday,other,y shape,tangent road with flat terrain,two-way (divided with broken lines road marking),normal,daylight,wet or damp,vehicle with vehicle collision,going straight,moving backward,18-30,above 10yr,male,automobile,15,afternoon,2,False
serious injury,1,1900-01-01 15:35:00,thursday,residential areas,y shape,tangent road with flat terrain,two-way (divided with broken lines road marking),normal,daylight,wet or damp,vehicle with vehicle collision,going straight,changing lane to the left,18-30,below 1yr,male,other,15,afternoon,2,False
slight injury,2,1900-01-01 09:10:00,saturday,other,crossing,tangent road with flat terrain,undivided two way,normal,daylight,wet or damp,vehicle with vehicle collision,going straight,overturning,31-50,below 1yr,male,automobile,9,morning,1,True
slight injury,2,1900-01-01 09:10:00,saturday,office areas,crossing,tangent road with flat terrain,undivided two way,normal,daylight,wet or damp,vehicle with vehicle collision,going straight,no distancing,over 51,5-10yr,male,stationwagen,9,morning,1,True
slight injury,1,1900-01-01 17:10:00,wednesday,office areas,y shape,tangent road with flat terrain,undivided two way,raining,darkness - no lighting,wet or damp,vehicle with vehicle collision,going straight,driving carelessly,over 51,2-5yr,male,other,17,afternoon,1,False
slight injury,1,1900-01-01 17:10:00,wednesday,other,y shape,tangent road with flat terrain,undivided two way,raining,darkness - no lighting,wet or damp,vehicle with vehicle collision,going straight,no distancing,31-50,5-10yr,male,automobile,17,afternoon,1,False
slight injury,2,1900-01-01 16:35:00,monday,other,y shape,tangent road with flat terrain,two-way (divided with broken lines road marking),normal,daylight,dry,vehicle with vehicle collision,going straight,changing lane to the left,31-50,no licence,male,ridden horse,16,afternoon,1,False
slight injury,2,1900-01-01 16:35:00,monday,other,y shape,tangent road with flat terrain,undivided two way,normal,daylight,dry,vehicle with vehicle collision,going straight,no priority to pedestrian,31-50,above 10yr,male,automobile,16,afternoon,1,False
slight injury,6,1900-01-01 19:08:00,wednesday,office areas,y shape,tangent road with flat terrain,two-way (divided with broken lines road marking),raining,darkness - lights lit,wet or damp,collision with roadside objects,going straight,no distancing,18-30,above 10yr,male,other,19,evening,1,False
slight injury,6,1900-01-01 19:08:00,wednesday,office areas,y shape,tangent road with flat terrain,two-way (divided with broken lines road marking),raining,darkness - lights lit,wet or damp,collision with roadside objects,going straight,no distancing,31-50,above 10yr,male,lorry (41?100q),19,evening,1,False
slight injury,6,1900-01-01 19:08:00,wednesday,other,y shape,steep grade downward with mountainous terrain,two-way (divided with broken lines road marking),raining,darkness - lights lit,wet or damp,collision with roadside objects,going straight,changing lane to the left,31-50,above 10yr,male,lorry (41?100q),19,evening,1,False
slight injury,6,1900-01-01 19:08:00,wednesday,church areas,y shape,tangent road with flat terrain,other,raining,darkness - lights lit,wet or damp,vehicle with vehicle collision,going straight,no distancing,31-50,5-10yr,male,lorry (41?100q),19,evening,1,False
slight injury,6,1900-01-01 19:08:00,wednesday,industrial areas,y shape,tangent road with flat terrain,undivided two way,raining,darkness - lights lit,wet or damp,collision with pedestrians,going straight,changing lane to the left,31-50,below 1yr,male,stationwagen,19,evening,1,False
slight injury,6,1900-01-01 19:08:00,wednesday,other,y shape,tangent road with flat terrain,undivided two way,raining,darkness - lights lit,wet or damp,vehicle with vehicle collision,going straight,no distancing,31-50,2-5yr,male,lorry (41?100q),19,evening,1,False
slight injury,6,1900-01-01 19:08:00,wednesday,other,y shape,tangent road with flat terrain,two-way (divided with broken lines road marking),raining,darkness - lights lit,wet or damp,collision with pedestrians,going straight,no distancing,31-50,5-10yr,male,automobile,19,evening,1,False
slight injury,1,1900-01-01 08:50:00,friday,office areas,no junction,tangent road with mountainous terrain and,undivided two way,normal,daylight,wet or damp,vehicle with vehicle collision,going straight,no distancing,18-30,1-2yr,male,automobile,8,morning,1,False
slight injury,1,1900-01-01 08:50:00,friday,other,no junction,tangent road with flat terrain,one way,normal,daylight,wet or damp,collision with pedestrians,reversing,changing lane to the left,18-30,1-2yr,male,pick up upto 10q,8,morning,1,False
slight injury,1,1900-01-01 14:10:00,wednesday,recreational areas,crossing,steep grade downward with mountainous terrain,undivided two way,other,daylight,wet or damp,vehicle with vehicle collision,going straight,changing lane to the right,18-30,1-2yr,male,taxi,14,afternoon,1,False
slight injury,1,1900-01-01 14:10:00,wednesday,other,crossing,steep grade downward with mountainous terrain,two-way (divided with broken lines road marking),other,daylight,wet or damp,vehicle with vehicle collision,going straight,moving backward,under 18,5-10yr,male,automobile,14,afternoon,1,False
slight injury,1,1900-01-01 16:52:00,monday,church areas,y shape,tangent road with flat terrain,two-way (divided with broken lines road marking),other,darkness - lights lit,wet or damp,vehicle with vehicle collision,going straight,changing lane to the right,31-50,above 10yr,male,automobile,16,afternoon,1,False
slight injury,1,1900-01-01 16:52:00,monday,residential areas,y shape,tangent road with flat terrain,undivided two way,other,darkness - lights lit,wet or damp,vehicle with vehicle collision,going straight,no distancing,18-30,above 10yr,male,automobile,16,afternoon,1,False
slight injury,1,1900-01-01 10:43:00,saturday,office areas,o shape,tangent road with flat terrain,two-way (divided with broken lines road marking),normal,daylight,wet or damp,vehicle with vehicle collision,going straight,overtaking,18-30,5-10yr,male,long lorry,10,morning,1,True
slight injury,1,1900-01-01 10:43:00,saturday,other,o shape,tangent road with flat terrain,two-way (divided with broken lines road marking),normal,daylight,wet or damp,vehicle with vehicle collision,going straight,other,31-50,2-5yr,male,public (12 seats),10,morning,1,True
slight injury,1,1900-01-01 15:55:00,friday,office areas,y shape,tangent road with flat terrain,undivided two way,normal,daylight,wet or damp,vehicle with vehicle collision,going straight,other,31-50,below 1yr,male,pick up upto 10q,15,afternoon,1,False
slight injury,2,1900-01-01 22:10:00,tuesday,office areas,no junction,tangent road with flat terrain,other,normal,darkness - lights lit,dry,vehicle with vehicle collision,going straight,changing lane to the right,18-30,1-2yr,male,automobile,22,evening,1,False
slight injury,2,1900-01-01 22:10:00,tuesday,other,no junction,escarpments,one way,normal,darkness - lights lit,dry,vehicle with vehicle collision,going straight,no priority to pedestrian,18-30,5-10yr,male,other,22,evening,1,False
slight injury,2,1900-01-01 22:10:00,tuesday,residential areas,no junction,tangent road with flat terrain,undivided two way,normal,darkness - lights lit,dry,vehicle with vehicle collision,going straight,no priority to vehicle,18-30,below 1yr,male,lorry (41?100q),22,evening,1,False
slight injury,2,1900-01-01 22:10:00,tuesday,recreational areas,no junction,tangent road with flat terrain,one way,normal,darkness - lights lit,dry,vehicle with vehicle collision,going straight,changing lane to the left,31-50,5-10yr,male,automobile,22,evening,1,False
slight injury,1,1900-01-01 17:20:00,thursday,church areas,no junction,tangent road with flat terrain,undivided two way,fog or mist,darkness - lights lit,snow,vehicle with vehicle collision,moving backward,changing lane to the left,over 51,2-5yr,male,pick up upto 10q,17,afternoon,1,False
slight injury,1,1900-01-01 17:20:00,thursday,other,no junction,tangent road with flat terrain,one way,fog or mist,darkness - lights lit,snow,rollover,going straight,overtaking,18-30,5-10yr,male,lorry (41?100q),17,afternoon,1,False
slight injury,1,1900-01-01 10:17:00,sunday,other,no junction,tangent road with flat terrain,undivided two way,normal,daylight,dry,collision with roadside objects,turnover,no distancing,31-50,5-10yr,male,lorry (41?100q),10,morning,1,True
slight injury,1,1900-01-01 10:17:00,sunday,other,no junction,tangent road with flat terrain,two-way (divided with broken lines road marking),normal,daylight,dry,vehicle with vehicle collision,turnover,no priority to vehicle,over 51,above 10yr,male,long lorry,10,morning,1,True
slight injury,1,1900-01-01 18:52:00,tuesday,residential areas,no junction,tangent road with flat terrain,other,normal,darkness - no lighting,dry,vehicle with vehicle collision,reversing,changing lane to the right,18-30,1-2yr,male,public (> 45 seats),18,evening,1,False
slight injury,1,1900-01-01 09:45:00,wednesday,school areas,y shape,tangent road with flat terrain,other,raining,daylight,wet or damp,vehicle with vehicle collision,reversing,changing lane to the left,18-30,below 1yr,male,public (> 45 seats),9,morning,1,False
slight injury,1,1900-01-01 09:45:00,wednesday,church areas,y shape,tangent road with flat terrain,two-way (divided with broken lines road marking),raining,daylight,wet or damp,collision with pedestrians,reversing,no distancing,31-50,above 10yr,male,automobile,9,morning,1,False
slight injury,1,1900-01-01 20:55:00,monday,other,crossing,tangent road with flat terrain,other,normal,darkness - lights lit,dry,collision with pedestrians,moving backward,driving carelessly,under 18,1-2yr,male,automobile,20,evening,1,False
slight injury,1,1900-01-01 20:55:00,monday,other,crossing,tangent road with flat terrain,two-way (divided with broken lines road marking),normal,darkness - lights lit,dry,vehicle with vehicle collision,going straight,no priority to pedestrian,31-50,2-5yr,male,automobile,20,evening,1,False
slight injury,3,1900-01-01 09:30:00,saturday,office areas,other,tangent road with flat terrain,undivided two way,normal,daylight,dry,vehicle with vehicle collision,going straight,driving carelessly,18-30,5-10yr,male,other,9,morning,1,True
slight injury,3,1900-01-01 09:30:00,saturday,office areas,other,tangent road with flat terrain,two-way (divided with broken lines road marking),normal,daylight,dry,collision with pedestrians,going straight,moving backward,18-30,2-5yr,male,public (12 seats),9,morning,1,True
slight injury,3,1900-01-01 09:30:00,saturday,other,other,tangent road with flat terrain,undivided two way,normal,daylight,dry,collision with pedestrians,going straight,no distancing,18-30,above 10yr,male,automobile,9,morning,1,True
slight injury,2,1900-01-01 09:20:00,wednesday,hospital areas,no junction,tangent road with flat terrain,undivided two way,normal,daylight,dry,collision with pedestrians,going straight,no distancing,31-50,1-2yr,male,stationwagen,9,morning,1,False
slight injury,2,1900-01-01 09:20:00,wednesday,other,no junction,tangent road with flat terrain,undivided two way,normal,daylight,dry,vehicle with vehicle collision,going straight,no distancing,over 51,1-2yr,male,automobile,9,morning,1,False
slight injury,1,1900-01-01 01:50:00,friday,other,crossing,tangent road with flat terrain,two-way (divided with broken lines road marking),normal,darkness - lights lit,dry,collision with roadside objects,going straight,changing lane to the left,under 18,1-2yr,male,automobile,1,night,1,False
slight injury,1,1900-01-01 01:50:00,friday,other,crossing,tangent road with flat terrain,undivided two way,normal,darkness - lights lit,dry,vehicle with vehicle collision,going straight,changing lane to the left,18-30,5-10yr,male,automobile,1,night,1,False
slight injury,1,1900-01-01 10:32:00,wednesday,other,no junction,tangent road with flat terrain,double carriageway (median),normal,daylight,dry,vehicle with vehicle collision,going straight,moving backward,31-50,5-10yr,male,automobile,10,morning,1,False
slight injury,1,1900-01-01 18:37:00,thursday,other,y shape,tangent road with mild grade and flat terrain,two-way (divided with broken lines road marking),normal,darkness - lights lit,wet or damp,collision with roadside objects,turnover,changing lane to the right,under 18,5-10yr,male,automobile,18,evening,1,False
slight injury,2,1900-01-01 08:02:00,tuesday,hospital areas,y shape,tangent road with flat terrain,two-way (divided with broken lines road marking),normal,daylight,dry,vehicle with vehicle collision,going straight,no priority to vehicle,18-30,5-10yr,male,pick up upto 10q,8,morning,1,False
slight injury,2,1900-01-01 08:02:00,tuesday,other,y shape,tangent road with flat terrain,two-way (divided with broken lines road marking),normal,daylight,dry,vehicle with vehicle collision,moving backward,moving backward,31-50,5-10yr,male,turbo,8,morning,1,False
slight injury,2,1900-01-01 08:02:00,tuesday,other,y shape,tangent road with flat terrain,one way,normal,daylight,dry,vehicle with vehicle collision,going straight,driving carelessly,31-50,5-10yr,male,pick up upto 10q,8,morning,1,False
slight injury,1,1900-01-01 06:14:00,friday,other,y shape,tangent road with mild grade and flat terrain,two-way (divided with broken lines road marking),normal,darkness - lights lit,wet or damp,vehicle with vehicle collision,going straight,driving carelessly,over 51,5-10yr,male,other,6,morning,1,False
slight injury,1,1900-01-01 06:14:00,friday,office areas,y shape,tangent road with flat terrain,two-way (divided with broken lines road marking),normal,darkness - lights lit,wet or damp,collision with pedestrians,moving backward,driving under the influence of drugs,31-50,1-2yr,male,stationwagen,6,morning,1,False
serious injury,1,1900-01-01 17:55:00,saturday,residential areas,o shape,tangent road with flat terrain,two-way (divided with broken lines road marking),normal,darkness - lights lit,dry,rollover,going straight,no priority to pedestrian,over 51,2-5yr,male,pick up upto 10q,17,afternoon,2,True
slight injury,2,1900-01-01 22:48:00,monday,other,no junction,tangent road with flat terrain,two-way (divided with broken lines road marking),normal,darkness - lights lit,wet or damp,vehicle with vehicle collision,going straight,no priority to vehicle,over 51,5-10yr,male,lorry (41?100q),22,evening,1,False
slight injury,2,1900-01-01 22:48:00,monday,residential areas,no junction,tangent road with flat terrain,two-way (divided with broken lines road marking),normal,darkness - lights lit,wet or damp,vehicle with vehicle collision,waiting to go,driving carelessly,18-30,above 10yr,male,lorry (41?100q),22,evening,1,False
serious injury,1,1900-01-01 19:51:00,friday,other,no junction,tangent road with flat terrain,undivided two way,normal,darkness - no lighting,dry,vehicle with vehicle collision,moving backward,moving backward,18-30,5-10yr,male,automobile,19,evening,2,False
slight injury,1,1900-01-01 09:45:00,wednesday,residential areas,crossing,tangent road with flat terrain,double carriageway (median),normal,daylight,dry,collision with roadside objects,moving backward,driving carelessly,over 51,2-5yr,male,automobile,9,morning,1,False
slight injury,1,1900-01-01 09:45:00,wednesday,office areas,crossing,tangent road with flat terrain,two-way (divided with broken lines road marking),normal,daylight,dry,vehicle with vehicle collision,going straight,no priority to vehicle,over 51,5-10yr,male,pick up upto 10q,9,morning,1,False
slight injury,1,1900-01-01 16:59:00,friday,office areas,no junction,tangent road with mild grade and flat terrain,two-way (divided with broken lines road marking),normal,daylight,dry,rollover,going straight,changing lane to the right,under 18,2-5yr,male,pick up upto 10q,16,afternoon,1,False
slight injury,1,1900-01-01 16:59:00,friday,office areas,no junction,tangent road with flat terrain,double carriageway (median),normal,daylight,dry,collision with roadside objects,going straight,changing lane to the left,31-50,5-10yr,male,lorry (41?100q),16,afternoon,1,False
slight injury,1,1900-01-01 15:30:00,wednesday,recreational areas,y shape,tangent road with flat terrain,two-way (divided with broken lines road marking),other,daylight,wet or damp,vehicle with vehicle collision,going straight,no priority to vehicle,under 18,1-2yr,male,public (12 seats),15,afternoon,1,False
slight injury,1,1900-01-01 15:30:00,wednesday,other,y shape,tangent road with flat terrain,two-way (divided with broken lines road marking),other,daylight,wet or damp,vehicle with vehicle collision,going straight,driving carelessly,18-30,5-10yr,male,other,15,afternoon,1,False
serious injury,1,1900-01-01 08:24:00,thursday,other,y shape,tangent road with flat terrain,other,normal,daylight,dry,vehicle with vehicle collision,moving backward,moving backward,31-50,5-10yr,male,stationwagen,8,morning,2,False
serious injury,1,1900-01-01 14:18:00,wednesday,other,y shape,tangent road with flat terrain,two-way (divided with broken lines road marking),normal,daylight,dry,vehicle with vehicle collision,going straight,no distancing,over 51,above 10yr,male,automobile,14,afternoon,2,False