Accident_severity,Number_of_casualties,Time,Day_of_week,Area_accident_occured,Types_of_Junction,Road_allignment,Lanes_or_Medians,Weather_conditions,Light_conditions,Road_surface_conditions,Type_of_collision,Vehicle_movement,Cause_of_accident,Age_band_of_driver,Driving_experience,Sex_of_driver,Type_of_vehicle,Hour,Time_period,severity_score,is_weekend
slight injury,1,1900-01-01 18:16:00,tuesday,other,no junction,tangent road with flat terrain,undivided two way,normal,daylight,dry,vehicle with vehicle collision,going straight,changing lane to the right,over 51,2-5yr,male,automobile,18,evening,1,False
slight injury,1,1900-01-01 14:48:00,wednesday,other,y shape,tangent road with flat terrain,two-way (divided with broken lines road marking),normal,daylight,dry,vehicle with vehicle collision,going straight,no distancing,18-30,above 10yr,male,lorry (41?100q),14,afternoon,1,False
slight injury,1,1900-01-01 17:38:00,friday,residential areas,no junction,tangent road with flat terrain,undivided two way,normal,daylight,dry,vehicle with vehicle collision,reversing,no priority to pedestrian,18-30,5-10yr,female,stationwagen,17,afternoon,1,False
slight injury,1,1900-01-01 17:38:00,friday,office areas,no junction,tangent road with flat terrain,two-way (divided with broken lines road marking),normal,daylight,dry,vehicle with vehicle collision,going straight,no distancing,18-30,above 10yr,male,lorry (41?100q),17,afternoon,1,False
slight injury,1,1900-01-01 17:00:00,friday,residential areas,y shape,tangent road with flat terrain,other,normal,daylight,dry,vehicle with vehicle collision,waiting to go,no priority to vehicle,31-50,2-5yr,male,public (> 45 seats),17,afternoon,1,False
slight injury,1,1900-01-01 17:00:00,friday,office areas,y shape,tangent road with flat terrain,two-way (divided with broken lines road marking),normal,daylight,dry,collision with roadside objects,going straight,other,31-50,2-5yr,male,automobile,17,afternoon,1,False
slight injury,1,1900-01-01 11:44:00,thursday,church areas,y shape,tangent road with flat terrain,two-way (divided with broken lines road marking),normal,daylight,dry,vehicle with vehicle collision,going straight,driving carelessly,31-50,2-5yr,male,automobile,11,morning,1,False
slight injury,1,1900-01-01 11:44:00,thursday,residential areas,y shape,tangent road with flat terrain,two-way (divided with broken lines road marking),normal,daylight,dry,collision with roadside objects,going straight,changing lane to the left,18-30,1-2yr,male,automobile,11,morning,1,False
slight injury,1,1900-01-01 19:45:00,friday,school areas,y shape,tangent road with flat terrain,other,normal,daylight,dry,vehicle with vehicle collision,going straight,driving carelessly,31-50,5-10yr,male,automobile,19,evening,1,False
slight injury,1,1900-01-01 19:45:00,friday,hospital areas,y shape,steep grade downward with mountainous terrain,other,normal,daylight,dry,vehicle with vehicle collision,getting off,changing lane to the left,31-50,2-5yr,male,lorry (41?100q),19,evening,1,False
slight injury,1,1900-01-01 16:58:00,thursday,other,y shape,tangent road with flat terrain,undivided two way,normal,daylight,dry,vehicle with vehicle collision,going straight,no priority to vehicle,over 51,1-2yr,male,lorry (41?100q),16,afternoon,1,False
slight injury,1,1900-01-01 16:58:00,thursday,school areas,y shape,tangent road with flat terrain,double carriageway (median),normal,daylight,dry,collision with roadside objects,going straight,no distancing,18-30,1-2yr,male,automobile,16,afternoon,1,False
slight injury,1,1900-01-01 18:41:00,wednesday,other,y shape,tangent road with flat terrain,other,normal,daylight,dry,collision with roadside objects,going straight,changing lane to the right,31-50,no licence,male,stationwagen,18,evening,1,False
slight injury,1,1900-01-01 18:41:00,wednesday,industrial areas,y shape,tangent road with flat terrain,undivided two way,normal,daylight,dry,vehicle with vehicle collision,reversing,changing lane to the right,18-30,5-10yr,female,public (12 seats),18,evening,1,False
slight injury,1,1900-01-01 20:50:00,thursday,church areas,y shape,tangent road with flat terrain,two-way (divided with broken lines road marking),normal,daylight,dry,vehicle with vehicle collision,turnover,driving at high speed,31-50,1-2yr,male,public (12 seats),20,evening,1,False
slight injury,1,1900-01-01 20:50:00,thursday,office areas,y shape,tangent road with flat terrain,two-way (divided with broken lines road marking),normal,daylight,dry,vehicle with vehicle collision,going straight,no distancing,31-50,2-5yr,male,automobile,20,evening,1,False
slight injury,1,1900-01-01 18:55:00,thursday,other,y shape,tangent road with flat terrain,two-way (divided with broken lines road marking),normal,daylight,dry,vehicle with vehicle collision,going straight,changing lane to the right,31-50,5-10yr,male,public (12 seats),18,evening,1,False
slight injury,1,1900-01-01 18:55:00,thursday,office areas,y shape,tangent road with flat terrain,double carriageway (median),normal,daylight,dry,vehicle with vehicle collision,going straight,changing lane to the left,18-30,5-10yr,male,public (12 seats),18,evening,1,False
slight injury,1,1900-01-01 15:10:00,sunday,office areas,no junction,tangent road with flat terrain,double carriageway (median),normal,daylight,dry,vehicle with vehicle collision,going straight,getting off the vehicle improperly,18-30,5-10yr,male,lorry (41?100q),15,afternoon,1,True
slight injury,1,1900-01-01 15:10:00,sunday,office areas,no junction,tangent road with flat terrain,double carriageway (median),normal,daylight,dry,vehicle with vehicle collision,getting off,other,18-30,2-5yr,male,automobile,15,afternoon,1,True
slight injury,4,1900-01-01 15:29:00,monday,residential areas,crossing,tangent road with flat terrain,double carriageway (median),normal,daylight,dry,collision with roadside objects,going straight,other,31-50,above 10yr,male,lorry (41?100q),15,afternoon,1,False
slight injury,4,1900-01-01 15:29:00,monday,office areas,crossing,tangent road with flat terrain,double carriageway (median),normal,daylight,dry,collision with roadside objects,going straight,no distancing,31-50,above 10yr,male,automobile,15,afternoon,1,False
slight injury,4,1900-01-01 15:29:00,monday,other,crossing,tangent road with flat terrain,undivided two way,normal,daylight,dry,collision with roadside objects,going straight,no priority to vehicle,31-50,5-10yr,male,automobile,15,afternoon,1,False
slight injury,4,1900-01-01 15:29:00,monday,industrial areas,crossing,tangent road with flat terrain,one way,normal,daylight,dry,vehicle with vehicle collision,going straight,overtaking,31-50,above 10yr,male,stationwagen,15,afternoon,1,False
slight injury,1,1900-01-01 12:18:00,friday,other,crossing,tangent road with flat terrain,one way,normal,daylight,dry,vehicle with vehicle collision,going straight,no priority to pedestrian,31-50,5-10yr,male,automobile,12,afternoon,1,False
slight injury,1,1900-01-01 12:18:00,friday,office areas,crossing,tangent road with flat terrain,double carriageway (median),normal,daylight,dry,vehicle with vehicle collision,going straight,no distancing,18-30,5-10yr,male,automobile,12,afternoon,1,False
slight injury,2,1900-01-01 06:03:00,friday,office areas,crossing,tangent road with flat terrain,two-way (divided with broken lines road marking),raining,daylight,wet or damp,vehicle with vehicle collision,going straight,changing lane to the right,18-30,above 10yr,male,automobile,6,morning,1,False
slight injury,2,1900-01-01 06:03:00,friday,other,crossing,tangent road with flat terrain,double carriageway (median),raining,daylight,wet or damp,collision with pedestrians,going straight,driving carelessly,18-30,above 10yr,male,stationwagen,6,morning,1,False
slight injury,1,1900-01-01 10:50:00,tuesday,other,y shape,tangent road with flat terrain,two-way (divided with broken lines road marking),normal,daylight,dry,collision with pedestrians,going straight,changing lane to the right,18-30,5-10yr,male,automobile,10,morning,1,False
slight injury,1,1900-01-01 10:50:00,tuesday,office areas,y shape,tangent road with flat terrain,double carriageway (median),normal,daylight,dry,vehicle with vehicle collision,going straight,overtaking,18-30,5-10yr,female,other,10,morning,1,False
slight injury,1,1900-01-01 19:20:00,monday,office areas,y shape,tangent road with flat terrain,two-way (divided with broken lines road marking),normal,daylight,dry,vehicle with vehicle collision,reversing,other,31-50,above 10yr,male,other,19,evening,1,False
slight injury,1,1900-01-01 19:20:00,monday,office areas,y shape,tangent road with flat terrain,undivided two way,normal,daylight,dry,vehicle with vehicle collision,going straight,driving to the left,31-50,below 1yr,male,automobile,19,evening,1,False
serious injury,1,1900-01-01 17:05:00,monday,other,no junction,tangent road with flat terrain,undivided two way,normal,daylight,dry,vehicle with vehicle collision,turnover,driving at high speed,31-50,2-5yr,male,lorry (41?100q),17,afternoon,2,False
slight injury,1,1900-01-01 12:15:00,tuesday,other,crossing,tangent road with flat terrain,undivided two way,normal,daylight,dry,vehicle with vehicle collision,going straight,no distancing,18-30,2-5yr,male,lorry (41?100q),12,afternoon,1,False
slight injury,1,1900-01-01 12:15:00,tuesday,recreational areas,crossing,tangent road with flat terrain,undivided two way,normal,daylight,dry,vehicle with vehicle collision,going straight,changing lane to the right,18-30,5-10yr,male,lorry (41?100q),12,afternoon,1,False
slight injury,1,1900-01-01 08:35:00,monday,church areas,crossing,tangent road with flat terrain,undivided two way,normal,daylight,dry,vehicle with vehicle collision,going straight,no distancing,18-30,5-10yr,female,automobile,8,morning,1,False
slight injury,1,1900-01-01 08:30:00,monday,recreational areas,y shape,tangent road with flat terrain,other,other,daylight,wet or damp,vehicle with vehicle collision,going straight,other,18-30,below 1yr,male,automobile,8,morning,1,False
slight injury,1,1900-01-01 08:30:00,monday,school areas,y shape,tangent road with flat terrain,other,other,daylight,wet or damp,vehicle with vehicle collision,reversing,no priority to vehicle,18-30,above 10yr,male,public (13?45 seats),8,morning,1,False
serious injury,1,1900-01-01 09:10:00,wednesday,church areas,y shape,tangent road with flat terrain,double carriageway (median),normal,daylight,dry,vehicle with vehicle collision,going straight,changing lane to the left,18-30,below 1yr,male,public (13?45 seats),9,morning,2,False
slight injury,1,1900-01-01 07:29:00,thursday,office areas,y shape,tangent road with flat terrain,two-way (divided with broken lines road marking),normal,daylight,dry,collision with roadside objects,turnover,no priority to pedestrian,31-50,5-10yr,male,lorry (41?100q),7,morning,1,False
slight injury,1,1900-01-01 17:46:00,wednesday,residential areas,y shape,steep grade downward with mountainous terrain,one way,normal,daylight,dry,rollover,going straight,overtaking,18-30,5-10yr,male,lorry (41?100q),17,afternoon,1,False
slight injury,1,1900-01-01 17:46:00,wednesday,other,y shape,tangent road with flat terrain,one way,normal,daylight,dry,vehicle with vehicle collision,going straight,driving carelessly,over 51,5-10yr,male,public (12 seats),17,afternoon,1,False
slight injury,1,1900-01-01 08:40:00,monday,other,y shape,tangent road with flat terrain,undivided two way,normal,daylight,dry,vehicle with vehicle collision,going straight,no priority to vehicle,18-30,1-2yr,female,other,8,morning,1,False
slight injury,1,1900-01-01 07:30:00,monday,industrial areas,no junction,tangent road with flat terrain,one way,normal,daylight,dry,vehicle with vehicle collision,going straight,no priority to pedestrian,under 18,5-10yr,male,lorry (41?100q),7,morning,1,False
slight injury,1,1900-01-01 07:30:00,monday,church areas,no junction,steep grade downward with mountainous terrain,other,normal,daylight,dry,vehicle with vehicle collision,going straight,changing lane to the right,18-30,5-10yr,female,automobile,7,morning,1,False
serious injury,1,1900-01-01 14:15:00,saturday,office areas,y shape,tangent road with flat terrain,other,normal,daylight,dry,vehicle with vehicle collision,getting off,driving carelessly,31-50,5-10yr,male,other,14,afternoon,2,True
serious injury,1,1900-01-01 14:15:00,saturday,office areas,y shape,tangent road with flat terrain,undivided two way,normal,daylight,dry,collision with roadside objects,moving backward,changing lane to the right,18-30,5-10yr,female,motorcycle,14,afternoon,2,True
serious injury,1,1900-01-01 21:00:00,friday,office areas,y shape,tangent road with flat terrain,double carriageway (median),normal,darkness - lights lit,dry,collision with roadside objects,going straight,changing lane to the right,31-50,above 10yr,male,automobile,21,evening,2,False
serious injury,1,1900-01-01 21:00:00,friday,other,y shape,tangent road with flat terrain,two-way (divided with broken lines road marking),normal,darkness - lights lit,dry,vehicle with vehicle collision,turnover,changing lane to the left,18-30,5-10yr,male,automobile,21,evening,2,False
slight injury,1,1900-01-01 21:50:00,wednesday,office areas,crossing,tangent road with flat terrain,undivided two way,normal,darkness - lights lit,dry,collision with roadside objects,going straight,overturning,18-30,no licence,male,lorry (41?100q),21,evening,1,False
slight injury,1,1900-01-01 21:50:00,wednesday,other,crossing,tangent road with flat terrain,double carriageway (median),normal,darkness - lights lit,dry,vehicle with vehicle collision,going straight,driving carelessly,31-50,below 1yr,male,automobile,21,evening,1,False
slight injury,1,1900-01-01 12:22:00,tuesday,industrial areas,y shape,tangent road with flat terrain,two-way (divided with broken lines road marking),normal,daylight,dry,vehicle with vehicle collision,going straight,no distancing,18-30,5-10yr,male,public (> 45 seats),12,afternoon,1,False
serious injury,1,1900-01-01 21:55:00,thursday,residential areas,y shape,tangent road with flat terrain,other,normal,darkness - lights lit,dry,vehicle with vehicle collision,going straight,driving carelessly,31-50,5-10yr,male,lorry (41?100q),21,evening,2,False
slight injury,1,1900-01-01 15:35:00,saturday,other,y shape,tangent road with flat terrain,two-way (divided with broken lines road marking),normal,daylight,dry,vehicle with vehicle collision,going straight,changing lane to the left,31-50,5-10yr,male,public (> 45 seats),15,afternoon,1,True
slight injury,1,1900-01-01 15:35:00,saturday,other,y shape,tangent road with flat terrain,one way,normal,daylight,dry,vehicle with vehicle collision,going straight,no priority to vehicle,18-30,5-10yr,female,lorry (41?100q),15,afternoon,1,True
slight injury,1,1900-01-01 10:23:00,wednesday,other,no junction,tangent road with flat terrain,one way,normal,daylight,dry,vehicle with vehicle collision,turnover,changing lane to the right,31-50,5-10yr,male,lorry (41?100q),10,morning,1,False
slight injury,1,1900-01-01 10:23:00,wednesday,other,no junction,tangent road with flat terrain,undivided two way,normal,daylight,dry,collision with pedestrians,turnover,no distancing,31-50,2-5yr,male,lorry (41?100q),10,morning,1,False
slight injury,1,1900-01-01 12:30:00,wednesday,residential areas,y shape,tangent road with flat terrain,two-way (divided with broken lines road marking),normal,daylight,dry,vehicle with vehicle collision,going straight,moving backward,under 18,5-10yr,male,public (12 seats),12,afternoon,1,False
slight injury,1,1900-01-01 01:05:00,saturday,office areas,crossing,tangent road with flat terrain,undivided two way,normal,darkness - no lighting,dry,collision with roadside objects,getting off,moving backward,31-50,above 10yr,male,public (12 seats),1,night,1,True
slight injury,1,1900-01-01 09:30:00,monday,recreational areas,y shape,tangent road with flat terrain,other,normal,daylight,dry,vehicle with vehicle collision,getting off,no distancing,18-30,1-2yr,female,stationwagen,9,morning,1,False
slight injury,1,1900-01-01 15:25:00,saturday,office areas,y shape,tangent road with mild grade and flat terrain,other,normal,daylight,dry,collision with roadside objects,going straight,no distancing,18-30,below 1yr,male,lorry (41?100q),15,afternoon,1,True
slight injury,1,1900-01-01 08:33:00,saturday,industrial areas,crossing,tangent road with flat terrain,other,normal,daylight,dry,vehicle with vehicle collision,overtaking,no distancing,18-30,1-2yr,male,automobile,8,morning,1,True
slight injury,1,1900-01-01 08:33:00,saturday,other,crossing,tangent road with flat terrain,two-way (divided with broken lines road marking),normal,daylight,dry,vehicle with vehicle collision,reversing,no priority to pedestrian,31-50,5-10yr,male,pick up upto 10q,8,morning,1,True
slight injury,1,1900-01-01 08:33:00,saturday,residential areas,crossing,tangent road with flat terrain,undivided two way,normal,daylight,dry,collision with pedestrians,going straight,driving carelessly,31-50,above 10yr,male,automobile,8,morning,1,True
serious injury,1,1900-01-01 08:55:00,tuesday,residential areas,y shape,tangent road with flat terrain,other,normal,daylight,dry,vehicle with vehicle collision,getting off,changing lane to the right,18-30,5-10yr,male,public (13?45 seats),8,morning,2,False
slight injury,1,1900-01-01 10:30:00,saturday,industrial areas,no junction,tangent road with flat terrain,other,normal,daylight,dry,vehicle with vehicle collision,getting off,changing lane to the left,18-30,2-5yr,male,public (> 45 seats),10,morning,1,True
slight injury,1,1900-01-01 18:20:00,wednesday,residential areas,y shape,tangent road with flat terrain,undivided two way,normal,daylight,dry,vehicle with vehicle collision,reversing,driving carelessly,18-30,2-5yr,male,stationwagen,18,evening,1,False
slight injury,1,1900-01-01 18:20:00,wednesday,residential areas,y shape,tangent road with flat terrain,other,normal,daylight,dry,vehicle with vehicle collision,turnover,driving carelessly,over 51,above 10yr,male,automobile,18,evening,1,False
slight injury,1,1900-01-01 16:00:00,tuesday,office areas,no junction,tangent road with flat terrain,undivided two way,normal,daylight,dry,collision with pedestrians,moving backward,no distancing,18-30,2-5yr,male,lorry (41?100q),16,afternoon,1,False
slight injury,2,1900-01-01 17:52:00,saturday,office areas,y shape,escarpments,double carriageway (median),normal,daylight,dry,vehicle with vehicle collision,going straight,other,18-30,below 1yr,male,stationwagen,17,afternoon,1,True
slight injury,2,1900-01-01 17:52:00,saturday,office areas,y shape,tangent road with flat terrain,other,normal,daylight,dry,vehicle with vehicle collision,going straight,changing lane to the right,31-50,2-5yr,male,lorry (41?100q),17,afternoon,1,True
slight injury,1,1900-01-01 15:15:00,friday,office areas,y shape,escarpments,undivided two way,normal,daylight,dry,vehicle with vehicle collision,going straight,changing lane to the right,18-30,above 10yr,male,public (12 seats),15,afternoon,1,False
slight injury,1,1900-01-01 15:15:00,friday,office areas,y shape,tangent road with flat terrain,one way,normal,daylight,dry,vehicle with vehicle collision,going straight,no distancing,31-50,2-5yr,male,lorry (41?100q),15,afternoon,1,False
slight injury,1,1900-01-01 06:16:00,friday,office areas,y shape,tangent road with flat terrain,undivided two way,normal,daylight,dry,collision with roadside objects,reversing,no distancing,31-50,above 10yr,male,other,6,morning,1,False
slight injury,1,1900-01-01 06:16:00,friday,office areas,y shape,tangent road with flat terrain,other,normal,daylight,dry,vehicle with vehicle collision,going straight,overturning,18-30,above 10yr,male,stationwagen,6,morning,1,False
slight injury,1,1900-01-01 07:45:00,monday,residential areas,crossing,tangent road with flat terrain,other,normal,daylight,dry,vehicle with vehicle collision,going straight,driving at high speed,18-30,above 10yr,male,automobile,7,morning,1,False
slight injury,1,1900-01-01 07:45:00,monday,residential areas,crossing,tangent road with flat terrain,one way,normal,daylight,dry,vehicle with vehicle collision,going straight,no priority to vehicle,31-50,above 10yr,male,public (> 45 seats),7,morning,1,False
slight injury,1,1900-01-01 17:35:00,friday,other,y shape,tangent road with flat terrain,one way,normal,daylight,dry,vehicle with vehicle collision,going straight,no priority to pedestrian,31-50,below 1yr,male,other,17,afternoon,1,False
slight injury,1,1900-01-01 17:50:00,friday,church areas,no junction,tangent road with flat terrain,undivided two way,normal,daylight,dry,collision with roadside objects,getting off,no priority to vehicle,31-50,5-10yr,male,lorry (41?100q),17,afternoon,1,False
slight injury,1,1900-01-01 17:50:00,friday,recreational areas,no junction,tangent road with flat terrain,other,normal,daylight,dry,vehicle with vehicle collision,going straight,other,18-30,2-5yr,male,automobile,17,afternoon,1,False
slight injury,1,1900-01-01 07:05:00,wednesday,industrial areas,y shape,tangent road with flat terrain,undivided two way,normal,daylight,dry,vehicle with vehicle collision,going straight,other,18-30,above 10yr,female,public (> 45 seats),7,morning,1,False
serious injury,1,1900-01-01 20:21:00,friday,residential areas,y shape,tangent road with flat terrain,other,normal,daylight,dry,vehicle with vehicle collision,going straight,moving backward,18-30,below 1yr,male,automobile,20,evening,2,False
serious injury,1,1900-01-01 20:21:00,friday,residential areas,y shape,tangent road with rolling terrain,other,normal,daylight,dry,vehicle with vehicle collision,going straight,no distancing,over 51,2-5yr,male,automobile,20,evening,2,False
slight injury,1,1900-01-01 08:05:00,thursday,office areas,crossing,tangent road with flat terrain,double carriageway (median),normal,daylight,dry,vehicle with vehicle collision,reversing,moving backward,18-30,above 10yr,male,pick up upto 10q,8,morning,1,False
slight injury,1,1900-01-01 08:05:00,thursday,market areas,crossing,tangent road with flat terrain,undivided two way,normal,daylight,dry,vehicle with vehicle collision,moving backward,no priority to vehicle,18-30,2-5yr,male,public (12 seats),8,morning,1,False
slight injury,2,1900-01-01 17:00:00,sunday,other,crossing,tangent road with flat terrain,other,normal,daylight,dry,vehicle with vehicle collision,going straight,driving carelessly,31-50,2-5yr,male,lorry (41?100q),17,afternoon,1,True
slight injury,2,1900-01-01 17:00:00,sunday,industrial areas,crossing,tangent road with flat terrain,other,normal,daylight,dry,vehicle with vehicle collision,going straight,no distancing,31-50,2-5yr,male,lorry (41?100q),17,afternoon,1,True
slight injury,1,1900-01-01 08:45:00,sunday,residential areas,y shape,tangent road with flat terrain,two-way (divided with solid lines road marking),normal,daylight,dry,vehicle with vehicle collision,going straight,other,18-30,1-2yr,male,lorry (41?100q),8,morning,1,True
slight injury,1,1900-01-01 08:48:00,wednesday,residential areas,y shape,tangent road with flat terrain,undivided two way,normal,daylight,dry,vehicle with vehicle collision,going straight,changing lane to the right,over 51,5-10yr,male,public (13?45 seats),8,morning,1,False
slight injury,1,1900-01-01 09:50:00,tuesday,other,y shape,tangent road with flat terrain,undivided two way,normal,daylight,dry,vehicle with vehicle collision,going straight,no distancing,18-30,2-5yr,male,lorry (41?100q),9,morning,1,False
slight injury,1,1900-01-01 09:50:00,tuesday,residential areas,y shape,tangent road with flat terrain,other,normal,daylight,dry,collision with roadside objects,going straight,driving carelessly,31-50,1-2yr,male,lorry (41?100q),9,morning,1,False
slight injury,1,1900-01-01 12:30:00,monday,rural village areas,y shape,gentle horizontal curve,undivided two way,normal,daylight,dry,collision with roadside objects,turnover,no distancing,31-50,1-2yr,male,motorcycle,12,afternoon,1,False
slight injury,1,1900-01-01 12:30:00,monday,rural village areas,y shape,gentle horizontal curve,undivided two way,normal,daylight,dry,collision with roadside objects,going straight,no priority to vehicle,18-30,no licence,male,lorry (41?100q),12,afternoon,1,False
slight injury,1,1900-01-01 12:30:00,monday,office areas,y shape,tangent road with flat terrain,double carriageway (median),normal,daylight,dry,collision with pedestrians,other,changing lane to the right,18-30,5-10yr,male,ridden horse,12,afternoon,1,False
serious injury,1,1900-01-01 08:38:00,tuesday,residential areas,crossing,gentle horizontal curve,undivided two way,normal,daylight,dry,vehicle with vehicle collision,going straight,no priority to pedestrian,18-30,1-2yr,male,automobile,8,morning,2,False
slight injury,1,1900-01-01 10:30:00,monday,residential areas,no junction,tangent road with flat terrain,other,normal,daylight,dry,vehicle with vehicle collision,going straight,no priority to vehicle,31-50,2-5yr,male,lorry (41?100q),10,morning,1,False
slight injury,1,1900-01-01 10:30:00,monday,outside rural areas,no junction,tangent road with flat terrain,other,normal,daylight,dry,collision with pedestrians,going straight,changing lane to the left,18-30,5-10yr,male,pick up upto 10q,10,morning,1,False
slight injury,2,1900-01-01 18:04:00,saturday,residential areas,y shape,tangent road with flat terrain,other,normal,daylight,dry,vehicle with vehicle collision,going straight,turnover,31-50,5-10yr,male,public (> 45 seats),18,evening,1,True
slight injury,2,1900-01-01 18:04:00,saturday,church areas,y shape,tangent road with flat terrain,other,normal,daylight,dry,vehicle with vehicle collision,going straight,driving to the left,31-50,5-10yr,male,stationwagen,18,evening,1,True
slight injury,1,1900-01-01 07:45:00,wednesday,office areas,crossing,tangent road with flat terrain,undivided two way,normal,daylight,dry,vehicle with vehicle collision,moving backward,driving carelessly,31-50,2-5yr,male,automobile,7,morning,1,False
slight injury,1,1900-01-01 07:45:00,wednesday,office areas,crossing,tangent road with mountainous terrain and,two-way (divided with broken lines road marking),normal,daylight,dry,vehicle with vehicle collision,moving backward,driving to the left,18-30,above 10yr,male,public (12 seats),7,morning,1,False
slight injury,1,1900-01-01 07:27:00,tuesday,office areas,y shape,escarpments,two-way (divided with broken lines road marking),normal,daylight,dry,vehicle with vehicle collision,moving backward,driving carelessly,31-50,above 10yr,male,automobile,7,morning,1,False
slight injury,1,1900-01-01 07:27:00,tuesday,other,y shape,tangent road with mountainous terrain and,undivided two way,normal,daylight,dry,vehicle with vehicle collision,other,no priority to pedestrian,31-50,5-10yr,male,automobile,7,morning,1,False
slight injury,1,1900-01-01 10:05:00,monday,other,y shape,tangent road with flat terrain,undivided two way,normal,daylight,dry,collision with roadside objects,going straight,driving carelessly,31-50,above 10yr,male,automobile,10,morning,1,False
slight injury,1,1900-01-01 14:35:00,monday,residential areas,no junction,tangent road with flat terrain,two-way (divided with broken lines road marking),normal,daylight,dry,collision with pedestrians,going straight,changing lane to the right,31-50,5-10yr,male,lorry (41?100q),14,afternoon,1,False
slight injury,1,1900-01-01 18:43:00,wednesday,other,no junction,tangent road with flat terrain,two-way (divided with broken lines road marking),normal,daylight,dry,vehicle with vehicle collision,turnover,moving backward,31-50,5-10yr,male,automobile,18,evening,1,False
slight injury,1,1900-01-01 18:43:00,wednesday,other,no junction,tangent road with mild grade and flat terrain,undivided two way,normal,daylight,dry,vehicle with vehicle collision,getting off,driving carelessly,18-30,above 10yr,male,automobile,18,evening,1,False
slight injury,1,1900-01-01 08:47:00,wednesday,other,y shape,tangent road with flat terrain,two-way (divided with broken lines road marking),normal,daylight,dry,collision with roadside objects,going straight,changing lane to the right,18-30,above 10yr,male,public (12 seats),8,morning,1,False
slight injury,1,1900-01-01 08:47:00,wednesday,other,y shape,tangent road with flat terrain,undivided two way,normal,daylight,dry,vehicle with vehicle collision,going straight,driving carelessly,over 51,5-10yr,male,taxi,8,morning,1,False
slight injury,1,1900-01-01 08:55:00,monday,other,no junction,tangent road with mild grade and flat terrain,double carriageway (median),normal,daylight,dry,vehicle with vehicle collision,going straight,driving carelessly,31-50,5-10yr,male,automobile,8,morning,1,False
slight injury,1,1900-01-01 08:55:00,monday,other,no junction,tangent road with flat terrain,two-way (divided with broken lines road marking),normal,daylight,dry,vehicle with vehicle collision,turnover,driving carelessly,18-30,above 10yr,male,public (12 seats),8,morning,1,False
slight injury,1,1900-01-01 13:15:00,monday,church areas,crossing,tangent road with flat terrain,two-way (divided with broken lines road marking),normal,daylight,dry,vehicle with vehicle collision,reversing,changing lane to the right,18-30,below 1yr,male,stationwagen,13,afternoon,1,False
slight injury,1,1900-01-01 13:15:00,monday,other,crossing,tangent road with flat terrain,undivided two way,normal,daylight,dry,vehicle with vehicle collision,moving backward,changing lane to the right,31-50,2-5yr,male,stationwagen,13,afternoon,1,False
slight injury,1,1900-01-01 08:20:00,wednesday,industrial areas,y shape,tangent road with flat terrain,two-way (divided with broken lines road marking),normal,daylight,dry,vehicle with vehicle collision,other,driving carelessly,31-50,2-5yr,male,automobile,8,morning,1,False
slight injury,1,1900-01-01 08:20:00,wednesday,residential areas,y shape,tangent road with flat terrain,double carriageway (median),normal,daylight,dry,vehicle with vehicle collision,going straight,overtaking,31-50,5-10yr,male,lorry (41?100q),8,morning,1,False
slight injury,1,1900-01-01 13:31:00,sunday,other,y shape,tangent road with flat terrain,two-way (divided with broken lines road marking),normal,daylight,dry,vehicle with vehicle collision,going straight,changing lane to the right,18-30,5-10yr,male,automobile,13,afternoon,1,True
slight injury,1,1900-01-01 13:31:00,sunday,office areas,y shape,tangent road with flat terrain,two-way (divided with broken lines road marking),normal,daylight,dry,collision with roadside objects,going straight,no distancing,18-30,below 1yr,male,public (12 seats),13,afternoon,1,True
slight injury,1,1900-01-01 18:30:00,tuesday,industrial areas,crossing,tangent road with flat terrain,two-way (divided with broken lines road marking),normal,daylight,dry,collision with roadside objects,going straight,other,18-30,above 10yr,male,automobile,18,evening,1,False
slight injury,1,1900-01-01 01:55:00,friday,industrial areas,y shape,tangent road with flat terrain,double carriageway (median),normal,darkness - lights lit,dry,collision with roadside objects,going straight,changing lane to the right,18-30,below 1yr,male,automobile,1,night,1,False
slight injury,1,1900-01-01 08:50:00,tuesday,other,y shape,tangent road with flat terrain,two-way (divided with broken lines road marking),normal,daylight,dry,vehicle with vehicle collision,going straight,changing lane to the right,18-30,5-10yr,male,lorry (41?100q),8,morning,1,False
slight injury,1,1900-01-01 08:50:00,tuesday,hospital areas,y shape,tangent road with flat terrain,two-way (divided with broken lines road marking),normal,daylight,dry,collision with pedestrians,going straight,overtaking,31-50,5-10yr,male,automobile,8,morning,1,False
fatal injury,1,1900-01-01 08:59:00,monday,office areas,y shape,tangent road with flat terrain,one way,normal,daylight,dry,vehicle with vehicle collision,going straight,other,31-50,5-10yr,male,motorcycle,8,morning,3,False
fatal injury,1,1900-01-01 08:59:00,monday,church areas,y shape,tangent road with flat terrain,undivided two way,normal,daylight,dry,collision with pedestrians,going straight,driving to the left,18-30,1-2yr,male,automobile,8,morning,3,False
slight injury,1,1900-01-01 08:20:00,monday,hospital areas,y shape,tangent road with mountainous terrain and,undivided two way,normal,daylight,dry,vehicle with vehicle collision,other,overtaking,18-30,5-10yr,male,automobile,8,morning,1,False
slight injury,1,1900-01-01 08:20:00,monday,office areas,y shape,tangent road with flat terrain,other,normal,daylight,dry,collision with pedestrians,moving backward,no priority to vehicle,18-30,5-10yr,male,automobile,8,morning,1,False
slight injury,2,1900-01-01 20:15:00,sunday,other,y shape,escarpments,two-way (divided with broken lines road marking),normal,daylight,dry,vehicle with vehicle collision,going straight,moving backward,under 18,5-10yr,male,automobile,20,evening,1,True