Accident_severity,Number_of_casualties,Time,Day_of_week,Area_accident_occured,Types_of_Junction,Road_allignment,Lanes_or_Medians,Weather_conditions,Light_conditions,Road_surface_conditions,Type_of_collision,Vehicle_movement,Cause_of_accident,Age_band_of_driver,Driving_experience,Sex_of_driver,Type_of_vehicle,Hour,Time_period,severity_score,is_weekend
slight injury,1,1900-01-01 15:30:00,sunday,hospital areas,crossing,tangent road with flat terrain,two-way (divided with broken lines road marking),raining,daylight,wet or damp,collision with roadside objects,overtaking,no priority to pedestrian,31-50,1-2yr,male,public (> 45 seats),15,afternoon,1,True
slight injury,1,1900-01-01 15:30:00,sunday,office areas,crossing,tangent road with flat terrain,one way,raining,daylight,wet or damp,vehicle with vehicle collision,reversing,no priority to vehicle,18-30,2-5yr,female,stationwagen,15,afternoon,1,True
slight injury,1,1900-01-01 17:17:00,wednesday,church areas,crossing,tangent road with flat terrain,undivided two way,normal,daylight,dry,vehicle with vehicle collision,going straight,changing lane to the left,31-50,2-5yr,male,automobile,17,afternoon,1,False
slight injury,1,1900-01-01 17:17:00,wednesday,hospital areas,crossing,tangent road with mountainous terrain and,undivided two way,normal,daylight,dry,collision with roadside objects,other,changing lane to the left,under 18,5-10yr,male,bicycle,17,afternoon,1,False
slight injury,1,1900-01-01 17:15:00,wednesday,office areas,no junction,tangent road with flat terrain,other,normal,daylight,dry,collision with roadside objects,moving backward,overtaking,31-50,5-10yr,male,automobile,17,afternoon,1,False
slight injury,2,1900-01-01 13:30:00,tuesday,other,no junction,escarpments,two-way (divided with broken lines road marking),normal,daylight,dry,vehicle with vehicle collision,going straight,no distancing,18-30,5-10yr,male,lorry (41?100q),13,afternoon,1,False
slight injury,2,1900-01-01 13:30:00,tuesday,office areas,no junction,tangent road with flat terrain,undivided two way,normal,daylight,dry,vehicle with vehicle collision,other,no priority to vehicle,over 51,above 10yr,male,automobile,13,afternoon,1,False
slight injury,1,1900-01-01 07:11:00,sunday,office areas,y shape,tangent road with mountainous terrain and,two-way (divided with broken lines road marking),normal,daylight,dry,vehicle with vehicle collision,moving backward,changing lane to the right,31-50,above 10yr,male,public (13?45 seats),7,morning,1,True
slight injury,1,1900-01-01 07:11:00,sunday,other,y shape,steep grade downward with mountainous terrain,double carriageway (median),normal,daylight,dry,collision with roadside objects,going straight,changing lane to the left,31-50,above 10yr,male,special vehicle,7,morning,1,True
serious injury,2,1900-01-01 16:51:00,saturday,office areas,y shape,tangent road with mild grade and flat terrain,undivided two way,normal,daylight,dry,vehicle with vehicle collision,going straight,no distancing,18-30,5-10yr,male,automobile,16,afternoon,2,True
serious injury,2,1900-01-01 16:51:00,saturday,residential areas,y shape,tangent road with flat terrain,undivided two way,normal,daylight,dry,vehicle with vehicle collision,moving backward,driving carelessly,31-50,5-10yr,male,public (13?45 seats),16,afternoon,2,True
slight injury,1,1900-01-01 07:25:00,friday,other,y shape,tangent road with flat terrain,two-way (divided with broken lines road marking),normal,daylight,dry,vehicle with vehicle collision,going straight,no priority to pedestrian,18-30,2-5yr,male,automobile,7,morning,1,False
slight injury,1,1900-01-01 07:25:00,friday,office areas,y shape,tangent road with flat terrain,double carriageway (median),normal,daylight,dry,rollover,getting off,driving carelessly,18-30,5-10yr,male,lorry (41?100q),7,morning,1,False
fatal injury,1,1900-01-01 23:53:00,thursday,office areas,no junction,tangent road with mountainous terrain and,undivided two way,normal,darkness - lights lit,dry,vehicle with vehicle collision,going straight,moving backward,18-30,2-5yr,female,lorry (41?100q),23,evening,3,False
slight injury,1,1900-01-01 19:39:00,sunday,office areas,no junction,tangent road with flat terrain,other,raining,darkness - lights lit,wet or damp,vehicle with vehicle collision,going straight,no distancing,18-30,5-10yr,male,public (12 seats),19,evening,1,True
slight injury,3,1900-01-01 14:30:00,tuesday,other,no junction,tangent road with mild grade and flat terrain,two-way (divided with broken lines road marking),normal,daylight,dry,collision with pedestrians,moving backward,no distancing,18-30,above 10yr,male,lorry (41?100q),14,afternoon,1,False
slight injury,3,1900-01-01 14:30:00,tuesday,church areas,no junction,tangent road with flat terrain,undivided two way,normal,daylight,dry,vehicle with vehicle collision,going straight,no distancing,18-30,2-5yr,male,lorry (41?100q),14,afternoon,1,False
slight injury,3,1900-01-01 14:30:00,tuesday,industrial areas,no junction,tangent road with flat terrain,undivided two way,normal,daylight,dry,vehicle with vehicle collision,going straight,changing lane to the left,18-30,2-5yr,male,public (12 seats),14,afternoon,1,False
slight injury,3,1900-01-01 14:30:00,tuesday,office areas,no junction,tangent road with flat terrain,double carriageway (median),normal,daylight,dry,vehicle with vehicle collision,going straight,changing lane to the left,18-30,above 10yr,male,public (> 45 seats),14,afternoon,1,False
slight injury,1,1900-01-01 14:20:00,saturday,church areas,no junction,tangent road with flat terrain,undivided two way,normal,daylight,dry,vehicle with vehicle collision,going straight,moving backward,18-30,1-2yr,male,automobile,14,afternoon,1,True
slight injury,1,1900-01-01 14:20:00,saturday,office areas,no junction,tangent road with flat terrain,undivided two way,normal,daylight,dry,collision with roadside objects,going straight,changing lane to the right,31-50,above 10yr,male,pick up upto 10q,14,afternoon,1,True
slight injury,1,1900-01-01 07:45:00,friday,office areas,no junction,tangent road with flat terrain,other,normal,daylight,dry,vehicle with vehicle collision,moving backward,no priority to vehicle,31-50,5-10yr,male,stationwagen,7,morning,1,False
slight injury,1,1900-01-01 07:45:00,friday,residential areas,no junction,tangent road with flat terrain,two-way (divided with broken lines road marking),normal,daylight,dry,vehicle with vehicle collision,going straight,moving backward,18-30,5-10yr,male,other,7,morning,1,False
slight injury,2,1900-01-01 07:46:00,tuesday,office areas,y shape,tangent road with flat terrain,two-way (divided with broken lines road marking),normal,daylight,dry,vehicle with vehicle collision,going straight,overtaking,18-30,5-10yr,male,automobile,7,morning,1,False
slight injury,2,1900-01-01 07:46:00,tuesday,residential areas,y shape,tangent road with flat terrain,undivided two way,normal,daylight,dry,vehicle with vehicle collision,moving backward,changing lane to the left,18-30,5-10yr,male,automobile,7,morning,1,False
slight injury,1,1900-01-01 20:15:00,saturday,office areas,crossing,tangent road with flat terrain,double carriageway (median),normal,darkness - lights lit,dry,collision with roadside objects,moving backward,changing lane to the right,31-50,above 10yr,male,stationwagen,20,evening,1,True
slight injury,1,1900-01-01 20:15:00,saturday,office areas,crossing,tangent road with flat terrain,double carriageway (median),normal,darkness - lights lit,dry,vehicle with vehicle collision,going straight,overtaking,18-30,1-2yr,male,pick up upto 10q,20,evening,1,True
slight injury,1,1900-01-01 16:14:00,monday,other,crossing,tangent road with flat terrain,two-way (divided with broken lines road marking),normal,daylight,dry,collision with roadside objects,going straight,overloading,18-30,2-5yr,male,lorry (41?100q),16,afternoon,1,False
serious injury,1,1900-01-01 16:25:00,tuesday,other,crossing,tangent road with flat terrain,two-way (divided with broken lines road marking),normal,daylight,dry,vehicle with vehicle collision,going straight,other,18-30,below 1yr,male,automobile,16,afternoon,2,False
serious injury,1,1900-01-01 16:25:00,tuesday,residential areas,crossing,tangent road with flat terrain,two-way (divided with broken lines road marking),normal,daylight,dry,rollover,going straight,no priority to vehicle,18-30,above 10yr,male,automobile,16,afternoon,2,False
serious injury,1,1900-01-01 21:34:00,sunday,church areas,no junction,tangent road with flat terrain,two-way (divided with broken lines road marking),normal,darkness - lights lit,dry,vehicle with vehicle collision,going straight,changing lane to the right,18-30,1-2yr,female,lorry (41?100q),21,evening,2,True
serious injury,1,1900-01-01 21:34:00,sunday,church areas,no junction,tangent road with flat terrain,double carriageway (median),normal,darkness - lights lit,dry,vehicle with vehicle collision,going straight,moving backward,18-30,5-10yr,male,lorry (41?100q),21,evening,2,True
serious injury,1,1900-01-01 14:00:00,saturday,residential areas,y shape,tangent road with flat terrain,double carriageway (median),normal,daylight,dry,vehicle with vehicle collision,going straight,changing lane to the left,18-30,5-10yr,male,lorry (41?100q),14,afternoon,2,True
serious injury,1,1900-01-01 14:00:00,saturday,office areas,y shape,tangent road with mild grade and flat terrain,two-way (divided with broken lines road marking),normal,daylight,dry,vehicle with vehicle collision,going straight,no priority to pedestrian,18-30,below 1yr,male,pick up upto 10q,14,afternoon,2,True
slight injury,1,1900-01-01 12:19:00,monday,office areas,y shape,tangent road with mild grade and flat terrain,two-way (divided with broken lines road marking),normal,daylight,dry,vehicle with vehicle collision,going straight,no distancing,over 51,5-10yr,male,pick up upto 10q,12,afternoon,1,False
slight injury,1,1900-01-01 12:19:00,monday,residential areas,y shape,tangent road with flat terrain,two-way (divided with broken lines road marking),normal,daylight,dry,collision with pedestrians,going straight,no priority to vehicle,18-30,above 10yr,male,automobile,12,afternoon,1,False
serious injury,1,1900-01-01 11:49:00,wednesday,church areas,no junction,tangent road with flat terrain,other,normal,daylight,dry,rollover,other,no distancing,over 51,5-10yr,male,other,11,morning,2,False
slight injury,1,1900-01-01 18:09:00,thursday,other,no junction,tangent road with flat terrain,two-way (divided with broken lines road marking),normal,daylight,dry,vehicle with vehicle collision,going straight,no distancing,31-50,1-2yr,male,automobile,18,evening,1,False
slight injury,1,1900-01-01 10:40:00,monday,office areas,y shape,tangent road with flat terrain,two-way (divided with broken lines road marking),normal,daylight,dry,rollover,reversing,moving backward,31-50,2-5yr,male,automobile,10,morning,1,False
slight injury,1,1900-01-01 10:40:00,monday,other,y shape,tangent road with flat terrain,two-way (divided with broken lines road marking),normal,daylight,dry,vehicle with vehicle collision,going straight,changing lane to the right,18-30,5-10yr,male,motorcycle,10,morning,1,False
slight injury,1,1900-01-01 16:54:00,sunday,other,y shape,tangent road with flat terrain,two-way (divided with broken lines road marking),normal,daylight,dry,vehicle with vehicle collision,reversing,no priority to pedestrian,31-50,above 10yr,male,automobile,16,afternoon,1,True
slight injury,1,1900-01-01 23:26:00,sunday,other,y shape,tangent road with flat terrain,two-way (divided with broken lines road marking),normal,darkness - lights lit,dry,vehicle with vehicle collision,going straight,moving backward,18-30,2-5yr,male,automobile,23,evening,1,True
slight injury,1,1900-01-01 11:33:00,sunday,residential areas,no junction,tangent road with flat terrain,two-way (divided with broken lines road marking),normal,daylight,dry,fall from vehicles,reversing,getting off the vehicle improperly,18-30,5-10yr,male,public (12 seats),11,morning,1,True
slight injury,1,1900-01-01 11:33:00,sunday,church areas,no junction,tangent road with flat terrain,undivided two way,normal,daylight,dry,vehicle with vehicle collision,going straight,overtaking,18-30,2-5yr,male,automobile,11,morning,1,True
slight injury,1,1900-01-01 18:30:00,wednesday,residential areas,crossing,tangent road with flat terrain,two-way (divided with broken lines road marking),normal,daylight,dry,collision with roadside objects,going straight,overloading,18-30,1-2yr,male,public (> 45 seats),18,evening,1,False
slight injury,4,1900-01-01 13:34:00,friday,office areas,no junction,tangent road with flat terrain,undivided two way,raining,daylight,wet or damp,vehicle with vehicle collision,reversing,changing lane to the right,31-50,5-10yr,male,lorry (41?100q),13,afternoon,1,False
slight injury,4,1900-01-01 13:34:00,friday,recreational areas,no junction,tangent road with flat terrain,other,raining,daylight,wet or damp,vehicle with vehicle collision,other,improper parking,31-50,2-5yr,male,public (> 45 seats),13,afternoon,1,False
slight injury,4,1900-01-01 13:34:00,friday,office areas,no junction,tangent road with mild grade and flat terrain,other,raining,daylight,wet or damp,vehicle with vehicle collision,going straight,other,31-50,5-10yr,male,automobile,13,afternoon,1,False
slight injury,4,1900-01-01 13:34:00,friday,industrial areas,no junction,tangent road with flat terrain,other,raining,daylight,wet or damp,collision with pedestrians,going straight,changing lane to the left,over 51,5-10yr,male,automobile,13,afternoon,1,False
slight injury,1,1900-01-01 15:59:00,tuesday,other,crossing,tangent road with flat terrain,two-way (divided with broken lines road marking),normal,daylight,dry,vehicle with vehicle collision,going straight,changing lane to the right,31-50,2-5yr,male,automobile,15,afternoon,1,False
slight injury,1,1900-01-01 15:59:00,tuesday,residential areas,crossing,tangent road with flat terrain,undivided two way,normal,daylight,dry,vehicle with vehicle collision,moving backward,no priority to pedestrian,18-30,2-5yr,male,automobile,15,afternoon,1,False
slight injury,1,1900-01-01 19:14:00,monday,residential areas,y shape,tangent road with flat terrain,other,normal,daylight,dry,vehicle with vehicle collision,going straight,overspeed,31-50,2-5yr,male,lorry (41?100q),19,evening,1,False
slight injury,1,1900-01-01 19:14:00,monday,industrial areas,y shape,tangent road with flat terrain,other,normal,daylight,dry,rollover,going straight,changing lane to the left,over 51,5-10yr,male,automobile,19,evening,1,False
slight injury,1,1900-01-01 18:20:00,thursday,residential areas,no junction,tangent road with flat terrain,undivided two way,normal,daylight,dry,collision with roadside objects,going straight,no priority to vehicle,18-30,1-2yr,male,public (13?45 seats),18,evening,1,False
serious injury,1,1900-01-01 22:00:00,friday,residential areas,no junction,tangent road with flat terrain,other,normal,daylight,dry,vehicle with vehicle collision,going straight,changing lane to the right,18-30,2-5yr,male,automobile,22,evening,2,False
serious injury,1,1900-01-01 22:00:00,friday,office areas,no junction,tangent road with flat terrain,undivided two way,normal,daylight,dry,vehicle with vehicle collision,other,no distancing,18-30,2-5yr,male,public (> 45 seats),22,evening,2,False
serious injury,1,1900-01-01 15:34:00,wednesday,office areas,crossing,escarpments,double carriageway (median),normal,daylight,dry,collision with roadside objects,going straight,no priority to pedestrian,18-30,5-10yr,male,lorry (41?100q),15,afternoon,2,False
slight injury,3,1900-01-01 19:29:00,friday,office areas,y shape,tangent road with flat terrain,other,raining,daylight,wet or damp,vehicle with vehicle collision,going straight,no distancing,18-30,1-2yr,male,automobile,19,evening,1,False
slight injury,3,1900-01-01 19:29:00,friday,office areas,y shape,escarpments,undivided two way,raining,daylight,wet or damp,vehicle with vehicle collision,turnover,no priority to vehicle,31-50,below 1yr,male,lorry (11?40q),19,evening,1,False
slight injury,3,1900-01-01 19:29:00,friday,office areas,y shape,tangent road with flat terrain,one way,raining,daylight,wet or damp,vehicle with vehicle collision,going straight,other,31-50,1-2yr,male,public (13?45 seats),19,evening,1,False
slight injury,3,1900-01-01 19:29:00,friday,office areas,y shape,tangent road with flat terrain,undivided two way,raining,daylight,wet or damp,rollover,moving backward,driving carelessly,31-50,1-2yr,male,public (13?45 seats),19,evening,1,False
serious injury,1,1900-01-01 16:18:00,saturday,office areas,no junction,tangent road with flat terrain,other,normal,daylight,dry,rollover,moving backward,changing lane to the left,31-50,above 10yr,male,automobile,16,afternoon,2,True
serious injury,1,1900-01-01 16:18:00,saturday,residential areas,no junction,tangent road with flat terrain,other,normal,daylight,dry,collision with pedestrians,going straight,driving carelessly,18-30,1-2yr,male,long lorry,16,afternoon,2,True
slight injury,1,1900-01-01 13:58:00,sunday,residential areas,y shape,tangent road with flat terrain,one way,raining,daylight,wet or damp,vehicle with vehicle collision,other,changing lane to the left,18-30,2-5yr,male,lorry (41?100q),13,afternoon,1,True
slight injury,1,1900-01-01 13:58:00,sunday,other,y shape,tangent road with flat terrain,one way,raining,daylight,wet or damp,vehicle with vehicle collision,going straight,no priority to vehicle,18-30,2-5yr,male,lorry (11?40q),13,afternoon,1,True
slight injury,1,1900-01-01 13:58:00,sunday,church areas,y shape,tangent road with flat terrain,undivided two way,raining,daylight,wet or damp,vehicle with vehicle collision,going straight,no distancing,over 51,above 10yr,male,lorry (41?100q),13,afternoon,1,True
slight injury,1,1900-01-01 17:03:00,tuesday,recreational areas,y shape,tangent road with flat terrain,other,raining,daylight,wet or damp,collision with pedestrians,going straight,changing lane to the right,18-30,5-10yr,male,public (12 seats),17,afternoon,1,False
slight injury,1,1900-01-01 17:03:00,tuesday,industrial areas,y shape,tangent road with flat terrain,undivided two way,raining,daylight,wet or damp,collision with pedestrians,going straight,changing lane to the right,18-30,1-2yr,male,automobile,17,afternoon,1,False
slight injury,1,1900-01-01 20:00:00,monday,residential areas,crossing,tangent road with flat terrain,other,normal,daylight,dry,vehicle with vehicle collision,going straight,driving at high speed,31-50,5-10yr,male,taxi,20,evening,1,False
slight injury,1,1900-01-01 20:00:00,monday,residential areas,crossing,tangent road with rolling terrain,other,normal,daylight,dry,vehicle with vehicle collision,going straight,no distancing,18-30,2-5yr,male,automobile,20,evening,1,False
slight injury,1,1900-01-01 15:00:00,wednesday,office areas,no junction,tangent road with flat terrain,double carriageway (median),normal,daylight,dry,vehicle with vehicle collision,going straight,changing lane to the right,31-50,1-2yr,male,automobile,15,afternoon,1,False
slight injury,2,1900-01-01 19:32:00,friday,market areas,no junction,tangent road with flat terrain,undivided two way,normal,daylight,dry,collision with roadside objects,going straight,changing lane to the left,18-30,above 10yr,male,automobile,19,evening,1,False
slight injury,2,1900-01-01 19:32:00,friday,other,no junction,tangent road with flat terrain,other,normal,daylight,dry,vehicle with vehicle collision,other,getting off the vehicle improperly,18-30,2-5yr,male,lorry (41?100q),19,evening,1,False
slight injury,2,1900-01-01 19:32:00,friday,industrial areas,no junction,tangent road with flat terrain,other,normal,daylight,dry,collision with roadside objects,going straight,other,18-30,5-10yr,male,automobile,19,evening,1,False
slight injury,1,1900-01-01 09:45:00,thursday,residential areas,y shape,tangent road with flat terrain,two-way (divided with solid lines road marking),normal,daylight,dry,vehicle with vehicle collision,overtaking,other,31-50,1-2yr,male,automobile,9,morning,1,False
slight injury,1,1900-01-01 09:45:00,thursday,residential areas,y shape,tangent road with flat terrain,undivided two way,normal,daylight,dry,vehicle with vehicle collision,going straight,no distancing,18-30,5-10yr,male,lorry (41?100q),9,morning,1,False
slight injury,1,1900-01-01 14:51:00,thursday,other,y shape,tangent road with flat terrain,undivided two way,normal,daylight,dry,collision with roadside objects,going straight,no priority to vehicle,18-30,5-10yr,female,automobile,14,afternoon,1,False
slight injury,1,1900-01-01 14:51:00,thursday,residential areas,y shape,tangent road with flat terrain,other,normal,daylight,dry,vehicle with vehicle collision,going straight,overtaking,over 51,5-10yr,male,automobile,14,afternoon,1,False
slight injury,2,1900-01-01 22:02:00,saturday,rural village areas,y shape,gentle horizontal curve,undivided two way,normal,darkness - lights lit,dry,vehicle with vehicle collision,u-turn,no priority to pedestrian,18-30,2-5yr,male,automobile,22,evening,1,True
slight injury,2,1900-01-01 22:02:00,saturday,rural village areas,y shape,gentle horizontal curve,undivided two way,normal,darkness - lights lit,dry,collision with roadside objects,going straight,no distancing,18-30,5-10yr,male,taxi,22,evening,1,True
slight injury,2,1900-01-01 22:02:00,saturday,office areas,y shape,tangent road with flat terrain,double carriageway (median),normal,darkness - lights lit,dry,collision with roadside objects,going straight,changing lane to the right,18-30,2-5yr,male,automobile,22,evening,1,True
slight injury,1,1900-01-01 09:10:00,thursday,residential areas,no junction,gentle horizontal curve,undivided two way,normal,daylight,dry,vehicle with vehicle collision,going straight,driving carelessly,31-50,1-2yr,male,automobile,9,morning,1,False
slight injury,1,1900-01-01 07:50:00,thursday,residential areas,y shape,tangent road with flat terrain,other,raining,daylight,dry,vehicle with vehicle collision,going straight,changing lane to the right,18-30,1-2yr,female,automobile,7,morning,1,False
slight injury,1,1900-01-01 07:50:00,thursday,outside rural areas,y shape,tangent road with flat terrain,other,raining,daylight,dry,vehicle with vehicle collision,turnover,overtaking,18-30,5-10yr,male,pick up upto 10q,7,morning,1,False
slight injury,1,1900-01-01 07:50:00,thursday,residential areas,y shape,tangent road with flat terrain,other,raining,daylight,dry,vehicle with vehicle collision,going straight,other,18-30,5-10yr,male,automobile,7,morning,1,False
serious injury,1,1900-01-01 17:10:00,wednesday,church areas,other,tangent road with flat terrain,other,normal,daylight,wet or damp,vehicle with vehicle collision,going straight,driving to the left,18-30,5-10yr,male,automobile,17,afternoon,2,False
serious injury,1,1900-01-01 17:10:00,wednesday,office areas,other,tangent road with flat terrain,undivided two way,normal,daylight,wet or damp,vehicle with vehicle collision,moving backward,driving at high speed,31-50,1-2yr,male,public (12 seats),17,afternoon,2,False
slight injury,2,1900-01-01 07:55:00,wednesday,office areas,y shape,tangent road with mountainous terrain and,two-way (divided with broken lines road marking),normal,daylight,dry,vehicle with vehicle collision,going straight,no distancing,31-50,2-5yr,male,public (13?45 seats),7,morning,1,False
slight injury,2,1900-01-01 07:55:00,wednesday,office areas,y shape,escarpments,two-way (divided with broken lines road marking),normal,daylight,dry,vehicle with vehicle collision,moving backward,changing lane to the right,18-30,above 10yr,male,lorry (11?40q),7,morning,1,False
slight injury,1,1900-01-01 08:42:00,monday,other,no junction,tangent road with mountainous terrain and,undivided two way,normal,daylight,wet or damp,vehicle with vehicle collision,going straight,no distancing,18-30,5-10yr,male,stationwagen,8,morning,1,False
slight injury,1,1900-01-01 08:42:00,monday,other,no junction,tangent road with flat terrain,undivided two way,normal,daylight,wet or damp,vehicle with vehicle collision,going straight,other,18-30,1-2yr,female,ridden horse,8,morning,1,False
slight injury,2,1900-01-01 15:36:00,monday,residential areas,no junction,tangent road with flat terrain,two-way (divided with broken lines road marking),normal,daylight,wet or damp,vehicle with vehicle collision,going straight,no priority to vehicle,18-30,above 10yr,female,stationwagen,15,afternoon,1,False
slight injury,2,1900-01-01 15:36:00,monday,other,no junction,tangent road with flat terrain,two-way (divided with broken lines road marking),normal,daylight,wet or damp,vehicle with vehicle collision,going straight,changing lane to the left,31-50,1-2yr,male,automobile,15,afternoon,1,False
slight injury,2,1900-01-01 15:36:00,monday,other,no junction,tangent road with mild grade and flat terrain,undivided two way,normal,daylight,wet or damp,vehicle with vehicle collision,u-turn,no priority to pedestrian,31-50,2-5yr,male,automobile,15,afternoon,1,False
slight injury,1,1900-01-01 13:46:00,tuesday,other,other,tangent road with flat terrain,two-way (divided with broken lines road marking),normal,daylight,dry,vehicle with vehicle collision,going straight,overtaking,31-50,above 10yr,male,other,13,afternoon,1,False
slight injury,1,1900-01-01 13:46:00,tuesday,other,other,tangent road with flat terrain,undivided two way,normal,daylight,dry,vehicle with vehicle collision,going straight,driving carelessly,18-30,2-5yr,male,taxi,13,afternoon,1,False
slight injury,1,1900-01-01 05:54:00,wednesday,other,other,tangent road with mild grade and flat terrain,double carriageway (median),normal,darkness - lights lit,dry,vehicle with vehicle collision,going straight,no priority to vehicle,31-50,5-10yr,male,automobile,5,night,1,False
slight injury,1,1900-01-01 05:54:00,wednesday,other,other,tangent road with flat terrain,two-way (divided with broken lines road marking),normal,darkness - lights lit,dry,vehicle with vehicle collision,going straight,no priority to pedestrian,18-30,5-10yr,male,stationwagen,5,night,1,False
slight injury,1,1900-01-01 11:00:00,friday,church areas,no junction,tangent road with flat terrain,two-way (divided with broken lines road marking),normal,daylight,dry,vehicle with vehicle collision,going straight,changing lane to the right,31-50,1-2yr,male,automobile,11,morning,1,False
slight injury,1,1900-01-01 11:00:00,friday,other,no junction,tangent road with flat terrain,undivided two way,normal,daylight,dry,collision with roadside objects,going straight,driving carelessly,18-30,5-10yr,male,public (12 seats),11,morning,1,False
slight injury,1,1900-01-01 11:30:00,tuesday,industrial areas,crossing,tangent road with flat terrain,two-way (divided with broken lines road marking),normal,daylight,dry,vehicle with vehicle collision,stopping,changing lane to the right,18-30,5-10yr,male,automobile,11,morning,1,False
slight injury,1,1900-01-01 11:30:00,tuesday,residential areas,crossing,tangent road with flat terrain,double carriageway (median),normal,daylight,dry,collision with pedestrians,turnover,changing lane to the right,18-30,1-2yr,male,automobile,11,morning,1,False
slight injury,1,1900-01-01 10:40:00,tuesday,other,y shape,tangent road with flat terrain,two-way (divided with broken lines road marking),normal,daylight,dry,vehicle with vehicle collision,getting off,changing lane to the left,over 51,5-10yr,male,lorry (41?100q),10,morning,1,False
slight injury,1,1900-01-01 10:40:00,tuesday,office areas,y shape,tangent road with flat terrain,two-way (divided with broken lines road marking),normal,daylight,dry,collision with roadside objects,moving backward,overturning,18-30,5-10yr,male,automobile,10,morning,1,False
serious injury,1,1900-01-01 12:54:00,saturday,industrial areas,y shape,tangent road with flat terrain,two-way (divided with broken lines road marking),normal,daylight,dry,vehicle with vehicle collision,moving backward,driving carelessly,over 51,2-5yr,male,public (> 45 seats),12,afternoon,2,True
slight injury,1,1900-01-01 10:43:00,thursday,industrial areas,no junction,tangent road with flat terrain,double carriageway (median),normal,daylight,dry,vehicle with vehicle collision,going straight,no distancing,over 51,1-2yr,male,automobile,10,morning,1,False
serious injury,1,1900-01-01 02:00:00,thursday,other,no junction,tangent road with flat terrain,two-way (divided with broken lines road marking),normal,darkness - lights lit,dry,vehicle with vehicle collision,turnover,driving carelessly,18-30,5-10yr,female,public (12 seats),2,night,2,False
slight injury,1,1900-01-01 18:23:00,friday,hospital areas,no junction,tangent road with flat terrain,two-way (divided with broken lines road marking),normal,daylight,dry,vehicle with vehicle collision,going straight,changing lane to the left,over 51,below 1yr,male,public (12 seats),18,evening,1,False
slight injury,1,1900-01-01 07:40:00,friday,office areas,y shape,tangent road with flat terrain,one way,normal,daylight,dry,vehicle with vehicle collision,going straight,no priority to vehicle,18-30,5-10yr,male,automobile,7,morning,1,False
slight injury,1,1900-01-01 07:40:00,friday,church areas,y shape,tangent road with flat terrain,undivided two way,normal,daylight,dry,rollover,u-turn,changing lane to the right,18-30,5-10yr,male,automobile,7,morning,1,False
slight injury,1,1900-01-01 15:59:00,monday,hospital areas,crossing,tangent road with mountainous terrain and,undivided two way,raining,daylight,wet or damp,collision with roadside objects,going straight,no distancing,31-50,5-10yr,male,automobile,15,afternoon,1,False
slight injury,1,1900-01-01 15:59:00,monday,office areas,crossing,tangent road with flat terrain,other,raining,daylight,wet or damp,vehicle with vehicle collision,going straight,moving backward,18-30,5-10yr,male,lorry (41?100q),15,afternoon,1,False
slight injury,1,1900-01-01 17:35:00,thursday,other,no junction,escarpments,two-way (divided with broken lines road marking),normal,daylight,dry,collision with roadside objects,u-turn,moving backward,over 51,2-5yr,male,public (12 seats),17,afternoon,1,False
slight injury,1,1900-01-01 17:35:00,thursday,office areas,no junction,tangent road with flat terrain,undivided two way,normal,daylight,dry,vehicle with vehicle collision,stopping,no distancing,18-30,5-10yr,male,lorry (11?40q),17,afternoon,1,False
slight injury,2,1900-01-01 19:00:00,sunday,office areas,no junction,tangent road with mountainous terrain and,two-way (divided with broken lines road marking),normal,daylight,dry,vehicle with vehicle collision,going straight,no distancing,31-50,above 10yr,male,automobile,19,evening,1,True
slight injury,2,1900-01-01 19:00:00,sunday,other,no junction,steep grade downward with mountainous terrain,double carriageway (median),normal,daylight,dry,vehicle with vehicle collision,moving backward,no distancing,31-50,below 1yr,male,automobile,19,evening,1,True
slight injury,2,1900-01-01 19:00:00,sunday,office areas,no junction,tangent road with mild grade and flat terrain,undivided two way,normal,daylight,dry,vehicle with vehicle collision,getting off,no priority to pedestrian,31-50,5-10yr,male,automobile,19,evening,1,True
slight injury,1,1900-01-01 11:30:00,thursday,residential areas,y shape,tangent road with flat terrain,undivided two way,normal,daylight,dry,vehicle with vehicle collision,going straight,driving carelessly,18-30,2-5yr,male,bajaj,11,morning,1,False
slight injury,1,1900-01-01 11:30:00,thursday,other,y shape,tangent road with flat terrain,two-way (divided with broken lines road marking),normal,daylight,dry,collision with roadside objects,going straight,changing lane to the right,18-30,2-5yr,male,public (12 seats),11,morning,1,False
slight injury,2,1900-01-01 22:15:00,wednesday,office areas,y shape,tangent road with flat terrain,double carriageway (median),normal,darkness - lights lit,dry,vehicle with vehicle collision,turnover,changing lane to the left,18-30,1-2yr,male,lorry (11?40q),22,evening,1,False
slight injury,2,1900-01-01 22:15:00,wednesday,office areas,y shape,tangent road with mountainous terrain and,undivided two way,normal,darkness - lights lit,dry,collision with roadside objects,moving backward,driving carelessly,18-30,2-5yr,male,automobile,22,evening,1,False
slight injury,1,1900-01-01 11:39:00,tuesday,office areas,crossing,tangent road with flat terrain,other,raining,daylight,wet or damp,vehicle with vehicle collision,going straight,driving carelessly,over 51,2-5yr,male,automobile,11,morning,1,False
slight injury,1,1900-01-01 11:39:00,tuesday,other,crossing,tangent road with mild grade and flat terrain,two-way (divided with broken lines road marking),raining,daylight,wet or damp,vehicle with vehicle collision,moving backward,no distancing,18-30,above 10yr,male,automobile,11,morning,1,False