Accident_severity,Number_of_casualties,Time,Day_of_week,Area_accident_occured,Types_of_Junction,Road_allignment,Lanes_or_Medians,Weather_conditions,Light_conditions,Road_surface_conditions,Type_of_collision,Vehicle_movement,Cause_of_accident,Age_band_of_driver,Driving_experience,Sex_of_driver,Type_of_vehicle,Hour,Time_period,severity_score,is_weekend
slight injury,1,1900-01-01 22:40:00,tuesday,residential areas,no junction,tangent road with flat terrain,other,normal,darkness - lights lit,dry,rollover,going straight,no priority to vehicle,18-30,1-2yr,male,other,22,evening,1,False
slight injury,1,1900-01-01 22:40:00,tuesday,school areas,no junction,tangent road with flat terrain,other,normal,darkness - lights lit,dry,vehicle with vehicle collision,going straight,no distancing,18-30,2-5yr,female,public (12 seats),22,evening,1,False
slight injury,2,1900-01-01 18:35:00,monday,church areas,other,tangent road with flat terrain,two-way (divided with broken lines road marking),normal,daylight,dry,vehicle with vehicle collision,going straight,driving carelessly,18-30,5-10yr,male,automobile,18,evening,1,False
slight injury,2,1900-01-01 18:35:00,monday,other,other,tangent road with flat terrain,other,normal,daylight,dry,collision with roadside objects,going straight,changing lane to the left,over 51,above 10yr,male,stationwagen,18,evening,1,False
slight injury,1,1900-01-01 16:00:00,tuesday,other,no junction,tangent road with flat terrain,two-way (divided with broken lines road marking),normal,daylight,dry,vehicle with vehicle collision,going straight,no priority to vehicle,31-50,2-5yr,male,automobile,16,afternoon,1,False
slight injury,1,1900-01-01 16:00:00,tuesday,office areas,no junction,tangent road with flat terrain,undivided two way,normal,daylight,dry,vehicle with vehicle collision,going straight,no priority to vehicle,31-50,above 10yr,male,automobile,16,afternoon,1,False
slight injury,1,1900-01-01 16:00:00,tuesday,office areas,no junction,tangent road with flat terrain,two-way (divided with broken lines road marking),normal,daylight,dry,vehicle with vehicle collision,going straight,no distancing,18-30,5-10yr,male,automobile,16,afternoon,1,False
serious injury,1,1900-01-01 18:42:00,friday,other,crossing,tangent road with flat terrain,undivided two way,normal,daylight,dry,collision with roadside objects,going straight,driving to the left,18-30,5-10yr,male,automobile,18,evening,2,False
serious injury,1,1900-01-01 18:42:00,friday,hospital areas,crossing,tangent road with flat terrain,undivided two way,normal,daylight,dry,collision with roadside objects,going straight,driving carelessly,under 18,5-10yr,male,automobile,18,evening,2,False
slight injury,1,1900-01-01 08:15:00,monday,other,no junction,tangent road with flat terrain,undivided two way,normal,daylight,dry,vehicle with vehicle collision,going straight,driving carelessly,18-30,below 1yr,male,pick up upto 10q,8,morning,1,False
slight injury,1,1900-01-01 08:15:00,monday,other,no junction,tangent road with flat terrain,two-way (divided with broken lines road marking),normal,daylight,dry,vehicle with vehicle collision,other,changing lane to the right,18-30,2-5yr,male,turbo,8,morning,1,False
serious injury,2,1900-01-01 12:30:00,thursday,other,no junction,tangent road with flat terrain,undivided two way,normal,daylight,dry,collision with roadside objects,going straight,driving carelessly,31-50,2-5yr,male,pick up upto 10q,12,afternoon,2,False
serious injury,2,1900-01-01 12:30:00,thursday,other,no junction,tangent road with flat terrain,double carriageway (median),normal,daylight,dry,collision with roadside objects,going straight,changing lane to the left,31-50,2-5yr,male,other,12,afternoon,2,False
slight injury,1,1900-01-01 17:35:00,friday,other,no junction,tangent road with mild grade and flat terrain,two-way (divided with broken lines road marking),normal,daylight,dry,vehicle with vehicle collision,going straight,driving carelessly,18-30,2-5yr,male,stationwagen,17,afternoon,1,False
slight injury,1,1900-01-01 17:35:00,friday,hospital areas,no junction,tangent road with flat terrain,two-way (divided with broken lines road marking),normal,daylight,dry,vehicle with vehicle collision,going straight,driving carelessly,18-30,5-10yr,male,pick up upto 10q,17,afternoon,1,False
serious injury,2,1900-01-01 15:00:00,saturday,other,y shape,tangent road with flat terrain,two-way (divided with broken lines road marking),normal,daylight,dry,vehicle with vehicle collision,going straight,driving under the influence of drugs,18-30,5-10yr,male,lorry (41?100q),15,afternoon,2,True
serious injury,2,1900-01-01 15:00:00,saturday,other,y shape,tangent road with flat terrain,one way,normal,daylight,dry,collision with roadside objects,going straight,driving carelessly,18-30,above 10yr,male,lorry (41?100q),15,afternoon,2,True
serious injury,2,1900-01-01 15:00:00,saturday,other,y shape,tangent road with mild grade and flat terrain,two-way (divided with broken lines road marking),normal,daylight,dry,vehicle with vehicle collision,moving backward,no distancing,18-30,5-10yr,male,automobile,15,afternoon,2,True
slight injury,1,1900-01-01 18:15:00,friday,office areas,y shape,tangent road with flat terrain,two-way (divided with broken lines road marking),normal,daylight,dry,collision with roadside-parked vehicles,going straight,driving carelessly,18-30,5-10yr,male,automobile,18,evening,1,False
slight injury,1,1900-01-01 12:59:00,tuesday,residential areas,other,tangent road with flat terrain,two-way (divided with broken lines road marking),normal,daylight,dry,vehicle with vehicle collision,going straight,driving to the left,18-30,above 10yr,male,pick up upto 10q,12,afternoon,1,False
slight injury,1,1900-01-01 12:59:00,tuesday,other,other,tangent road with flat terrain,two-way (divided with broken lines road marking),normal,daylight,dry,collision with roadside objects,going straight,overtaking,31-50,5-10yr,male,pick up upto 10q,12,afternoon,1,False
slight injury,1,1900-01-01 12:59:00,tuesday,residential areas,other,tangent road with flat terrain,two-way (divided with broken lines road marking),normal,daylight,dry,vehicle with vehicle collision,going straight,no distancing,over 51,5-10yr,male,lorry (41?100q),12,afternoon,1,False
slight injury,1,1900-01-01 12:59:00,tuesday,other,other,tangent road with flat terrain,undivided two way,normal,daylight,dry,vehicle with vehicle collision,going straight,driving carelessly,31-50,5-10yr,male,public (12 seats),12,afternoon,1,False
slight injury,1,1900-01-01 12:59:00,tuesday,residential areas,other,tangent road with flat terrain,double carriageway (median),normal,daylight,dry,vehicle with vehicle collision,going straight,no priority to vehicle,31-50,below 1yr,male,other,12,afternoon,1,False
slight injury,1,1900-01-01 16:15:00,wednesday,office areas,no junction,tangent road with flat terrain,two-way (divided with broken lines road marking),normal,daylight,dry,vehicle with vehicle collision,going straight,no priority to vehicle,18-30,5-10yr,male,stationwagen,16,afternoon,1,False
slight injury,1,1900-01-01 16:15:00,wednesday,office areas,no junction,tangent road with mild grade and flat terrain,two-way (divided with broken lines road marking),normal,daylight,dry,vehicle with vehicle collision,getting off,no priority to vehicle,18-30,5-10yr,male,automobile,16,afternoon,1,False
slight injury,1,1900-01-01 22:35:00,saturday,office areas,y shape,tangent road with flat terrain,double carriageway (median),normal,darkness - lights lit,dry,collision with roadside-parked vehicles,going straight,no priority to vehicle,18-30,5-10yr,male,automobile,22,evening,1,True
slight injury,1,1900-01-01 22:35:00,saturday,recreational areas,y shape,tangent road with flat terrain,two-way (divided with broken lines road marking),normal,darkness - lights lit,dry,collision with roadside-parked vehicles,going straight,no distancing,31-50,above 10yr,male,lorry (41?100q),22,evening,1,True
slight injury,1,1900-01-01 07:00:00,friday,other,y shape,tangent road with flat terrain,two-way (divided with broken lines road marking),normal,daylight,dry,collision with animals,turnover,moving backward,18-30,above 10yr,male,stationwagen,7,morning,1,False
slight injury,1,1900-01-01 07:00:00,friday,other,y shape,tangent road with flat terrain,other,normal,daylight,dry,collision with animals,moving backward,no distancing,under 18,above 10yr,male,lorry (41?100q),7,morning,1,False
slight injury,1,1900-01-01 15:20:00,tuesday,other,crossing,tangent road with flat terrain,two-way (divided with broken lines road marking),normal,daylight,dry,collision with animals,going straight,changing lane to the left,under 18,above 10yr,male,public (> 45 seats),15,afternoon,1,False
slight injury,1,1900-01-01 15:20:00,tuesday,other,crossing,tangent road with flat terrain,double carriageway (median),normal,daylight,dry,collision with animals,moving backward,changing lane to the left,under 18,above 10yr,male,automobile,15,afternoon,1,False
slight injury,1,1900-01-01 13:03:00,thursday,other,no junction,tangent road with mountainous terrain and,undivided two way,normal,daylight,dry,collision with animals,going straight,no priority to pedestrian,18-30,above 10yr,male,automobile,13,afternoon,1,False
slight injury,1,1900-01-01 13:03:00,thursday,office areas,no junction,tangent road with flat terrain,two-way (divided with broken lines road marking),normal,daylight,dry,collision with animals,going straight,moving backward,18-30,5-10yr,male,automobile,13,afternoon,1,False
slight injury,1,1900-01-01 22:54:00,saturday,office areas,no junction,tangent road with flat terrain,two-way (divided with broken lines road marking),normal,darkness - lights lit,dry,collision with animals,going straight,changing lane to the left,18-30,2-5yr,female,automobile,22,evening,1,True
slight injury,1,1900-01-01 21:43:00,sunday,office areas,y shape,tangent road with flat terrain,one way,normal,darkness - lights lit,dry,collision with animals,going straight,no distancing,over 51,below 1yr,male,lorry (41?100q),21,evening,1,True
slight injury,1,1900-01-01 21:43:00,sunday,residential areas,y shape,tangent road with flat terrain,double carriageway (median),normal,darkness - lights lit,dry,collision with animals,going straight,no priority to vehicle,18-30,below 1yr,male,lorry (41?100q),21,evening,1,True
slight injury,1,1900-01-01 15:10:00,saturday,recreational areas,y shape,tangent road with flat terrain,two-way (divided with broken lines road marking),normal,daylight,dry,collision with animals,going straight,changing lane to the right,18-30,2-5yr,male,automobile,15,afternoon,1,True
slight injury,1,1900-01-01 15:10:00,saturday,church areas,y shape,tangent road with flat terrain,double carriageway (median),normal,daylight,dry,collision with animals,going straight,no distancing,18-30,below 1yr,male,stationwagen,15,afternoon,1,True
slight injury,1,1900-01-01 08:46:00,friday,office areas,no junction,tangent road with flat terrain,undivided two way,normal,daylight,dry,collision with animals,going straight,no distancing,over 51,below 1yr,male,public (12 seats),8,morning,1,False
slight injury,1,1900-01-01 08:46:00,friday,other,no junction,tangent road with flat terrain,two-way (divided with broken lines road marking),normal,daylight,dry,other,going straight,getting off the vehicle improperly,under 18,5-10yr,male,public (12 seats),8,morning,1,False
slight injury,2,1900-01-01 10:29:00,friday,residential areas,y shape,steep grade downward with mountainous terrain,other,normal,daylight,dry,rollover,going straight,no priority to pedestrian,18-30,5-10yr,male,automobile,10,morning,1,False
slight injury,2,1900-01-01 10:29:00,friday,school areas,y shape,tangent road with flat terrain,other,normal,daylight,dry,collision with animals,going straight,changing lane to the left,18-30,below 1yr,male,public (12 seats),10,morning,1,False
slight injury,3,1900-01-01 20:20:00,thursday,office areas,other,tangent road with flat terrain,two-way (divided with broken lines road marking),normal,daylight,dry,rollover,other,no distancing,18-30,below 1yr,male,public (12 seats),20,evening,1,False
slight injury,3,1900-01-01 20:20:00,thursday,other,other,tangent road with flat terrain,other,normal,daylight,dry,collision with animals,other,driving carelessly,31-50,1-2yr,male,lorry (41?100q),20,evening,1,False
slight injury,3,1900-01-01 20:20:00,thursday,other,other,tangent road with flat terrain,two-way (divided with broken lines road marking),normal,daylight,dry,collision with animals,going straight,no distancing,31-50,above 10yr,male,automobile,20,evening,1,False
slight injury,1,1900-01-01 16:10:00,sunday,office areas,no junction,tangent road with mountainous terrain and,two-way (divided with broken lines road marking),normal,daylight,dry,vehicle with vehicle collision,going straight,changing lane to the right,18-30,above 10yr,male,lorry (41?100q),16,afternoon,1,True
slight injury,1,1900-01-01 16:10:00,sunday,office areas,no junction,tangent road with flat terrain,two-way (divided with broken lines road marking),normal,daylight,dry,fall from vehicles,getting off,overtaking,over 51,below 1yr,male,automobile,16,afternoon,1,True
slight injury,1,1900-01-01 16:10:00,sunday,other,no junction,tangent road with flat terrain,undivided two way,normal,daylight,dry,collision with roadside-parked vehicles,going straight,driving carelessly,18-30,2-5yr,male,automobile,16,afternoon,1,True
slight injury,1,1900-01-01 16:10:00,sunday,office areas,no junction,tangent road with flat terrain,two-way (divided with broken lines road marking),normal,daylight,dry,collision with roadside-parked vehicles,going straight,moving backward,18-30,2-5yr,male,stationwagen,16,afternoon,1,True
slight injury,1,1900-01-01 16:30:00,tuesday,industrial areas,y shape,tangent road with flat terrain,two-way (divided with broken lines road marking),normal,daylight,dry,rollover,going straight,no distancing,18-30,above 10yr,male,automobile,16,afternoon,1,False
slight injury,1,1900-01-01 16:30:00,tuesday,office areas,y shape,tangent road with flat terrain,undivided two way,normal,daylight,dry,collision with animals,going straight,overtaking,18-30,2-5yr,female,automobile,16,afternoon,1,False
slight injury,1,1900-01-01 16:30:00,tuesday,other,y shape,tangent road with flat terrain,undivided two way,normal,daylight,dry,collision with animals,going straight,driving carelessly,31-50,2-5yr,male,automobile,16,afternoon,1,False
slight injury,1,1900-01-01 20:35:00,tuesday,other,no junction,tangent road with flat terrain,two-way (divided with broken lines road marking),raining,daylight,wet or damp,fall from vehicles,getting off,driving carelessly,31-50,1-2yr,male,stationwagen,20,evening,1,False
slight injury,1,1900-01-01 11:37:00,monday,office areas,t shape,tangent road with flat terrain,two-way (divided with broken lines road marking),raining,daylight,wet or damp,collision with roadside-parked vehicles,going straight,moving backward,31-50,5-10yr,male,automobile,11,morning,1,False
slight injury,2,1900-01-01 08:52:00,wednesday,church areas,no junction,tangent road with flat terrain,two-way (divided with broken lines road marking),other,daylight,wet or damp,collision with animals,going straight,driving carelessly,31-50,below 1yr,male,other,8,morning,1,False
slight injury,2,1900-01-01 08:52:00,wednesday,office areas,no junction,tangent road with flat terrain,other,other,daylight,wet or damp,collision with animals,other,driving to the left,31-50,below 1yr,male,other,8,morning,1,False
slight injury,2,1900-01-01 08:52:00,wednesday,residential areas,no junction,tangent road with flat terrain,other,other,daylight,wet or damp,collision with pedestrians,going straight,changing lane to the left,31-50,5-10yr,male,automobile,8,morning,1,False
slight injury,1,1900-01-01 16:50:00,thursday,recreational areas,t shape,tangent road with flat terrain,two-way (divided with broken lines road marking),normal,daylight,dry,vehicle with vehicle collision,going straight,no distancing,18-30,below 1yr,male,lorry (41?100q),16,afternoon,1,False
slight injury,1,1900-01-01 16:50:00,thursday,other,t shape,tangent road with flat terrain,other,normal,daylight,dry,vehicle with vehicle collision,going straight,no distancing,18-30,1-2yr,male,lorry (41?100q),16,afternoon,1,False
serious injury,3,1900-01-01 20:30:00,saturday,church areas,no junction,tangent road with flat terrain,undivided two way,normal,daylight,dry,collision with pedestrians,going straight,changing lane to the right,18-30,2-5yr,male,lorry (41?100q),20,evening,2,True
serious injury,3,1900-01-01 20:30:00,saturday,other,no junction,tangent road with flat terrain,one way,normal,daylight,dry,vehicle with vehicle collision,going straight,driving under the influence of drugs,18-30,1-2yr,male,automobile,20,evening,2,True
serious injury,3,1900-01-01 20:30:00,saturday,other,no junction,tangent road with flat terrain,two-way (divided with broken lines road marking),normal,daylight,dry,collision with roadside objects,reversing,changing lane to the right,18-30,5-10yr,male,automobile,20,evening,2,True
serious injury,3,1900-01-01 20:30:00,saturday,church areas,no junction,tangent road with flat terrain,undivided two way,normal,daylight,dry,vehicle with vehicle collision,other,changing lane to the left,18-30,below 1yr,male,public (13?45 seats),20,evening,2,True
serious injury,3,1900-01-01 20:30:00,saturday,office areas,no junction,tangent road with mild grade and flat terrain,two-way (divided with broken lines road marking),normal,daylight,dry,vehicle with vehicle collision,going straight,moving backward,18-30,above 10yr,male,public (13?45 seats),20,evening,2,True
slight injury,1,1900-01-01 09:35:00,tuesday,office areas,no junction,tangent road with flat terrain,double carriageway (median),other,daylight,wet or damp,vehicle with vehicle collision,going straight,no distancing,18-30,5-10yr,male,lorry (41?100q),9,morning,1,False
slight injury,1,1900-01-01 09:35:00,tuesday,church areas,no junction,tangent road with flat terrain,two-way (divided with broken lines road marking),other,daylight,wet or damp,rollover,going straight,changing lane to the right,31-50,below 1yr,male,lorry (41?100q),9,morning,1,False
slight injury,1,1900-01-01 14:11:00,wednesday,other,no junction,tangent road with mountainous terrain and,undivided two way,normal,daylight,dry,vehicle with vehicle collision,going straight,moving backward,18-30,5-10yr,male,public (12 seats),14,afternoon,1,False
slight injury,1,1900-01-01 14:45:00,thursday,other,y shape,tangent road with flat terrain,undivided two way,normal,daylight,dry,vehicle with vehicle collision,going straight,no distancing,18-30,5-10yr,male,other,14,afternoon,1,False
slight injury,1,1900-01-01 14:45:00,thursday,church areas,y shape,tangent road with flat terrain,undivided two way,normal,daylight,dry,vehicle with vehicle collision,going straight,driving to the left,31-50,2-5yr,male,lorry (41?100q),14,afternoon,1,False
slight injury,1,1900-01-01 14:45:00,thursday,industrial areas,y shape,tangent road with mild grade and flat terrain,two-way (divided with broken lines road marking),normal,daylight,dry,collision with pedestrians,going straight,driving to the left,over 51,above 10yr,male,automobile,14,afternoon,1,False
serious injury,1,1900-01-01 01:50:00,sunday,office areas,no junction,tangent road with flat terrain,undivided two way,normal,darkness - lights lit,dry,vehicle with vehicle collision,going straight,moving backward,18-30,5-10yr,female,other,1,night,2,True
slight injury,4,1900-01-01 22:45:00,saturday,school areas,no junction,tangent road with flat terrain,undivided two way,normal,darkness - lights lit,dry,collision with roadside objects,going straight,moving backward,18-30,1-2yr,male,motorcycle,22,evening,1,True
slight injury,4,1900-01-01 22:45:00,saturday,other,no junction,tangent road with flat terrain,undivided two way,normal,darkness - lights lit,dry,vehicle with vehicle collision,moving backward,overtaking,18-30,5-10yr,male,automobile,22,evening,1,True
slight injury,4,1900-01-01 22:45:00,saturday,church areas,no junction,tangent road with flat terrain,one way,normal,darkness - lights lit,dry,rollover,moving backward,driving carelessly,18-30,2-5yr,male,automobile,22,evening,1,True
slight injury,4,1900-01-01 22:45:00,saturday,office areas,no junction,tangent road with flat terrain,undivided two way,normal,darkness - lights lit,dry,vehicle with vehicle collision,turnover,changing lane to the left,18-30,below 1yr,male,lorry (41?100q),22,evening,1,True
slight injury,1,1900-01-01 21:10:00,friday,other,no junction,steep grade downward with mountainous terrain,other,normal,darkness - lights lit,dry,vehicle with vehicle collision,other,driving under the influence of drugs,31-50,below 1yr,male,automobile,21,evening,1,False
slight injury,1,1900-01-01 21:10:00,friday,other,no junction,tangent road with flat terrain,other,normal,darkness - lights lit,dry,vehicle with vehicle collision,other,no distancing,18-30,5-10yr,female,public (> 45 seats),21,evening,1,False
slight injury,1,1900-01-01 21:10:00,friday,other,no junction,tangent road with flat terrain,two-way (divided with broken lines road marking),normal,darkness - lights lit,dry,vehicle with vehicle collision,going straight,moving backward,18-30,5-10yr,female,lorry (41?100q),21,evening,1,False
slight injury,1,1900-01-01 21:10:00,friday,other,no junction,tangent road with flat terrain,one way,normal,darkness - lights lit,dry,vehicle with vehicle collision,going straight,changing lane to the left,18-30,1-2yr,female,public (> 45 seats),21,evening,1,False
slight injury,1,1900-01-01 09:51:00,saturday,church areas,no junction,tangent road with mild grade and flat terrain,two-way (divided with broken lines road marking),normal,daylight,dry,collision with roadside objects,other,changing lane to the right,31-50,5-10yr,male,lorry (41?100q),9,morning,1,True
slight injury,1,1900-01-01 09:51:00,saturday,residential areas,no junction,tangent road with flat terrain,two-way (divided with broken lines road marking),normal,daylight,dry,vehicle with vehicle collision,other,no distancing,over 51,above 10yr,male,lorry (41?100q),9,morning,1,True
slight injury,1,1900-01-01 21:25:00,thursday,office areas,no junction,tangent road with mild grade and flat terrain,two-way (divided with broken lines road marking),other,darkness - lights lit,dry,vehicle with vehicle collision,going straight,driving at high speed,under 18,1-2yr,male,lorry (41?100q),21,evening,1,False
slight injury,1,1900-01-01 21:25:00,thursday,other,no junction,tangent road with flat terrain,two-way (divided with broken lines road marking),other,darkness - lights lit,dry,collision with roadside objects,reversing,changing lane to the right,18-30,5-10yr,male,public (12 seats),21,evening,1,False
serious injury,1,1900-01-01 16:48:00,sunday,office areas,crossing,tangent road with mild grade and flat terrain,two-way (divided with broken lines road marking),normal,daylight,dry,collision with roadside objects,other,no priority to vehicle,18-30,above 10yr,male,public (12 seats),16,afternoon,2,True
serious injury,1,1900-01-01 16:48:00,sunday,other,crossing,tangent road with flat terrain,two-way (divided with broken lines road marking),normal,daylight,dry,vehicle with vehicle collision,turnover,no distancing,31-50,2-5yr,male,stationwagen,16,afternoon,2,True
slight injury,1,1900-01-01 15:42:00,thursday,church areas,no junction,tangent road with flat terrain,undivided two way,normal,daylight,dry,vehicle with vehicle collision,going straight,turnover,18-30,5-10yr,male,lorry (41?100q),15,afternoon,1,False
slight injury,2,1900-01-01 00:29:00,wednesday,office areas,no junction,tangent road with flat terrain,two-way (divided with broken lines road marking),normal,darkness - lights lit,dry,vehicle with vehicle collision,going straight,no distancing,18-30,below 1yr,male,automobile,0,night,1,False
slight injury,2,1900-01-01 00:29:00,wednesday,other,no junction,tangent road with flat terrain,two-way (divided with broken lines road marking),normal,darkness - lights lit,dry,vehicle with vehicle collision,going straight,changing lane to the right,under 18,5-10yr,male,pick up upto 10q,0,night,1,False
slight injury,2,1900-01-01 00:29:00,wednesday,other,no junction,tangent road with flat terrain,two-way (divided with broken lines road marking),normal,darkness - lights lit,dry,collision with roadside objects,going straight,no distancing,under 18,above 10yr,male,automobile,0,night,1,False
serious injury,1,1900-01-01 20:05:00,monday,school areas,crossing,tangent road with flat terrain,two-way (divided with broken lines road marking),normal,daylight,dry,vehicle with vehicle collision,going straight,changing lane to the left,18-30,5-10yr,male,public (13?45 seats),20,evening,2,False
serious injury,1,1900-01-01 20:05:00,monday,church areas,crossing,tangent road with mild grade and flat terrain,double carriageway (median),normal,daylight,dry,vehicle with vehicle collision,going straight,driving carelessly,under 18,1-2yr,male,public (> 45 seats),20,evening,2,False
slight injury,1,1900-01-01 08:04:00,monday,school areas,no junction,tangent road with flat terrain,undivided two way,raining,daylight,wet or damp,vehicle with vehicle collision,going straight,changing lane to the right,18-30,5-10yr,male,stationwagen,8,morning,1,False
slight injury,1,1900-01-01 20:04:00,wednesday,residential areas,no junction,tangent road with flat terrain,double carriageway (median),normal,daylight,dry,vehicle with vehicle collision,going straight,no priority to vehicle,over 51,1-2yr,male,automobile,20,evening,1,False
slight injury,1,1900-01-01 20:04:00,wednesday,office areas,no junction,tangent road with flat terrain,two-way (divided with broken lines road marking),normal,daylight,dry,vehicle with vehicle collision,going straight,no distancing,18-30,1-2yr,male,lorry (41?100q),20,evening,1,False
slight injury,1,1900-01-01 20:40:00,saturday,office areas,other,tangent road with flat terrain,undivided two way,normal,daylight,dry,vehicle with vehicle collision,other,no priority to pedestrian,under 18,1-2yr,male,stationwagen,20,evening,1,True
slight injury,1,1900-01-01 20:40:00,saturday,church areas,other,tangent road with flat terrain,two-way (divided with broken lines road marking),normal,daylight,dry,collision with roadside objects,going straight,no priority to pedestrian,18-30,5-10yr,male,lorry (41?100q),20,evening,1,True
slight injury,2,1900-01-01 07:36:00,thursday,residential areas,no junction,tangent road with flat terrain,undivided two way,normal,daylight,dry,vehicle with vehicle collision,going straight,no priority to vehicle,under 18,5-10yr,male,public (12 seats),7,morning,1,False
slight injury,2,1900-01-01 07:36:00,thursday,office areas,no junction,tangent road with flat terrain,other,normal,daylight,dry,collision with pedestrians,moving backward,changing lane to the left,18-30,5-10yr,male,lorry (41?100q),7,morning,1,False
slight injury,1,1900-01-01 11:50:00,friday,residential areas,no junction,tangent road with flat terrain,one way,normal,daylight,dry,collision with roadside objects,going straight,changing lane to the left,31-50,below 1yr,male,other,11,morning,1,False
slight injury,1,1900-01-01 11:50:00,friday,other,no junction,tangent road with flat terrain,two-way (divided with broken lines road marking),normal,daylight,dry,collision with roadside objects,moving backward,no distancing,18-30,above 10yr,male,stationwagen,11,morning,1,False
serious injury,2,1900-01-01 17:35:00,friday,other,y shape,tangent road with flat terrain,two-way (divided with broken lines road marking),normal,daylight,dry,vehicle with vehicle collision,other,no priority to vehicle,18-30,5-10yr,male,automobile,17,afternoon,2,False
serious injury,2,1900-01-01 17:35:00,friday,residential areas,y shape,tangent road with flat terrain,two-way (divided with broken lines road marking),normal,daylight,dry,rollover,going straight,no distancing,over 51,below 1yr,male,public (> 45 seats),17,afternoon,2,False
serious injury,2,1900-01-01 17:35:00,friday,industrial areas,y shape,tangent road with flat terrain,undivided two way,normal,daylight,dry,vehicle with vehicle collision,reversing,no distancing,18-30,above 10yr,female,other,17,afternoon,2,False
slight injury,1,1900-01-01 17:24:00,tuesday,other,y shape,steep grade downward with mountainous terrain,undivided two way,normal,daylight,dry,vehicle with vehicle collision,going straight,changing lane to the right,18-30,5-10yr,male,lorry (41?100q),17,afternoon,1,False
slight injury,1,1900-01-01 22:30:00,sunday,office areas,no junction,tangent road with flat terrain,undivided two way,raining,darkness - lights lit,wet or damp,vehicle with vehicle collision,other,changing lane to the left,31-50,above 10yr,male,automobile,22,evening,1,True
slight injury,1,1900-01-01 22:30:00,sunday,other,no junction,tangent road with mountainous terrain and,two-way (divided with broken lines road marking),raining,darkness - lights lit,wet or damp,vehicle with vehicle collision,other,no distancing,31-50,5-10yr,male,public (> 45 seats),22,evening,1,True
slight injury,1,1900-01-01 16:32:00,sunday,other,no junction,tangent road with flat terrain,undivided two way,normal,daylight,dry,vehicle with vehicle collision,other,overturning,18-30,1-2yr,female,automobile,16,afternoon,1,True
slight injury,1,1900-01-01 09:34:00,wednesday,other,no junction,tangent road with flat terrain,two-way (divided with broken lines road marking),normal,daylight,dry,vehicle with vehicle collision,stopping,no priority to vehicle,31-50,1-2yr,male,automobile,9,morning,1,False
slight injury,1,1900-01-01 09:34:00,wednesday,other,no junction,tangent road with flat terrain,double carriageway (median),normal,daylight,dry,vehicle with vehicle collision,other,moving backward,18-30,1-2yr,male,pick up upto 10q,9,morning,1,False
slight injury,1,1900-01-01 09:34:00,wednesday,office areas,no junction,tangent road with flat terrain,undivided two way,normal,daylight,dry,vehicle with vehicle collision,other,driving under the influence of drugs,31-50,2-5yr,male,public (12 seats),9,morning,1,False
slight injury,1,1900-01-01 21:40:00,saturday,other,y shape,tangent road with flat terrain,two-way (divided with broken lines road marking),normal,darkness - lights lit,dry,collision with roadside objects,other,moving backward,31-50,above 10yr,male,lorry (41?100q),21,evening,1,True
slight injury,1,1900-01-01 16:10:00,friday,other,other,tangent road with flat terrain,other,normal,daylight,dry,vehicle with vehicle collision,going straight,changing lane to the right,18-30,2-5yr,male,lorry (41?100q),16,afternoon,1,False
slight injury,1,1900-01-01 16:10:00,friday,other,other,tangent road with flat terrain,two-way (divided with broken lines road marking),normal,daylight,dry,vehicle with vehicle collision,going straight,overspeed,18-30,above 10yr,male,lorry (41?100q),16,afternoon,1,False
slight injury,1,1900-01-01 16:45:00,wednesday,other,y shape,steep grade downward with mountainous terrain,other,normal,daylight,dry,vehicle with vehicle collision,going straight,driving under the influence of drugs,18-30,2-5yr,male,public (13?45 seats),16,afternoon,1,False
slight injury,1,1900-01-01 16:45:00,wednesday,office areas,y shape,tangent road with flat terrain,undivided two way,normal,daylight,dry,vehicle with vehicle collision,going straight,driving carelessly,31-50,no licence,male,lorry (41?100q),16,afternoon,1,False
slight injury,4,1900-01-01 17:20:00,saturday,office areas,no junction,tangent road with flat terrain,one way,raining,daylight,wet or damp,collision with pedestrians,going straight,no distancing,31-50,1-2yr,male,lorry (41?100q),17,afternoon,1,True
slight injury,4,1900-01-01 17:20:00,saturday,church areas,no junction,tangent road with flat terrain,other,raining,daylight,wet or damp,vehicle with vehicle collision,going straight,no priority to vehicle,31-50,5-10yr,male,motorcycle,17,afternoon,1,True
slight injury,4,1900-01-01 17:20:00,saturday,office areas,no junction,tangent road with flat terrain,double carriageway (median),raining,daylight,wet or damp,vehicle with vehicle collision,going straight,overspeed,18-30,1-2yr,male,lorry (41?100q),17,afternoon,1,True
slight injury,4,1900-01-01 17:20:00,saturday,office areas,no junction,tangent road with flat terrain,other,raining,daylight,wet or damp,vehicle with vehicle collision,going straight,driving under the influence of drugs,18-30,above 10yr,male,ridden horse,17,afternoon,1,True
slight injury,1,1900-01-01 23:20:00,sunday,office areas,no junction,tangent road with flat terrain,two-way (divided with broken lines road marking),normal,darkness - lights lit,dry,vehicle with vehicle collision,going straight,changing lane to the right,18-30,1-2yr,female,automobile,23,evening,1,True