Accident_severity,Number_of_casualties,Time,Day_of_week,Area_accident_occured,Types_of_Junction,Road_allignment,Lanes_or_Medians,Weather_conditions,Light_conditions,Road_surface_conditions,Type_of_collision,Vehicle_movement,Cause_of_accident,Age_band_of_driver,Driving_experience,Sex_of_driver,Type_of_vehicle,Hour,Time_period,severity_score,is_weekend
slight injury,1,1900-01-01 07:40:00,friday,other,crossing,tangent road with flat terrain,other,normal,daylight,dry,vehicle with vehicle collision,going straight,no distancing,31-50,5-10yr,male,lorry (41?100q),7,morning,1,False
slight injury,1,1900-01-01 22:30:00,saturday,office areas,no junction,steep grade downward with mountainous terrain,two-way (divided with broken lines road marking),normal,darkness - lights lit,dry,vehicle with vehicle collision,going straight,no priority to pedestrian,18-30,1-2yr,male,taxi,22,evening,1,True
slight injury,1,1900-01-01 22:30:00,saturday,school areas,no junction,tangent road with flat terrain,double carriageway (median),normal,darkness - lights lit,dry,vehicle with vehicle collision,going straight,driving carelessly,31-50,2-5yr,male,automobile,22,evening,1,True
slight injury,1,1900-01-01 22:30:00,saturday,other,no junction,steep grade downward with mountainous terrain,two-way (divided with broken lines road marking),normal,darkness - lights lit,dry,vehicle with vehicle collision,other,changing lane to the right,31-50,above 10yr,male,long lorry,22,evening,1,True
slight injury,3,1900-01-01 20:10:00,friday,other,y shape,tangent road with rolling terrain,two-way (divided with broken lines road marking),normal,daylight,dry,collision with roadside objects,going straight,changing lane to the left,31-50,5-10yr,male,automobile,20,evening,1,False
slight injury,3,1900-01-01 20:10:00,friday,church areas,y shape,tangent road with flat terrain,two-way (divided with broken lines road marking),normal,daylight,dry,vehicle with vehicle collision,going straight,driving carelessly,31-50,1-2yr,male,public (12 seats),20,evening,1,False
slight injury,3,1900-01-01 20:10:00,friday,office areas,y shape,tangent road with mild grade and flat terrain,two-way (divided with broken lines road marking),normal,daylight,dry,collision with pedestrians,going straight,driving carelessly,31-50,above 10yr,male,lorry (11?40q),20,evening,1,False
slight injury,3,1900-01-01 20:10:00,friday,other,y shape,tangent road with mild grade and flat terrain,two-way (divided with broken lines road marking),normal,daylight,dry,vehicle with vehicle collision,going straight,no distancing,31-50,1-2yr,male,pick up upto 10q,20,evening,1,False
serious injury,1,1900-01-01 12:47:00,tuesday,residential areas,y shape,tangent road with flat terrain,double carriageway (median),normal,daylight,dry,collision with roadside objects,going straight,other,18-30,2-5yr,male,lorry (41?100q),12,afternoon,2,False
serious injury,1,1900-01-01 02:34:00,saturday,office areas,no junction,tangent road with flat terrain,two-way (divided with broken lines road marking),normal,darkness - lights lit,dry,vehicle with vehicle collision,going straight,changing lane to the right,18-30,above 10yr,female,other,2,night,2,True
serious injury,1,1900-01-01 20:15:00,tuesday,office areas,crossing,tangent road with flat terrain,undivided two way,normal,daylight,dry,vehicle with vehicle collision,going straight,changing lane to the right,31-50,2-5yr,male,automobile,20,evening,2,False
serious injury,1,1900-01-01 20:15:00,tuesday,office areas,crossing,tangent road with flat terrain,two-way (divided with broken lines road marking),normal,daylight,dry,vehicle with vehicle collision,other,no distancing,31-50,5-10yr,male,long lorry,20,evening,2,False
slight injury,1,1900-01-01 18:40:00,tuesday,church areas,y shape,tangent road with flat terrain,two-way (divided with broken lines road marking),normal,daylight,dry,vehicle with vehicle collision,going straight,no distancing,18-30,5-10yr,male,lorry (11?40q),18,evening,1,False
slight injury,1,1900-01-01 18:40:00,tuesday,office areas,y shape,tangent road with flat terrain,two-way (divided with broken lines road marking),normal,daylight,dry,vehicle with vehicle collision,going straight,overturning,18-30,1-2yr,male,long lorry,18,evening,1,False
slight injury,1,1900-01-01 07:26:00,thursday,office areas,no junction,tangent road with mild grade and flat terrain,two-way (divided with broken lines road marking),normal,daylight,dry,rollover,going straight,driving at high speed,over 51,5-10yr,male,automobile,7,morning,1,False
slight injury,1,1900-01-01 07:26:00,thursday,office areas,no junction,tangent road with mild grade and flat terrain,two-way (divided with broken lines road marking),normal,daylight,dry,collision with roadside objects,going straight,no priority to vehicle,31-50,5-10yr,male,taxi,7,morning,1,False
serious injury,1,1900-01-01 20:00:00,thursday,office areas,crossing,tangent road with flat terrain,two-way (divided with broken lines road marking),normal,daylight,dry,vehicle with vehicle collision,going straight,no priority to pedestrian,31-50,1-2yr,male,taxi,20,evening,2,False
serious injury,2,1900-01-01 09:24:00,tuesday,other,y shape,tangent road with flat terrain,two-way (divided with broken lines road marking),normal,daylight,dry,collision with roadside objects,going straight,no priority to vehicle,18-30,5-10yr,male,long lorry,9,morning,2,False
serious injury,2,1900-01-01 09:24:00,tuesday,residential areas,y shape,tangent road with flat terrain,double carriageway (median),normal,daylight,dry,vehicle with vehicle collision,going straight,other,18-30,5-10yr,male,lorry (11?40q),9,morning,2,False
serious injury,2,1900-01-01 09:24:00,tuesday,church areas,y shape,tangent road with flat terrain,undivided two way,normal,daylight,dry,vehicle with vehicle collision,going straight,other,31-50,2-5yr,male,lorry (11?40q),9,morning,2,False
serious injury,2,1900-01-01 09:24:00,tuesday,other,y shape,tangent road with flat terrain,two-way (divided with broken lines road marking),normal,daylight,dry,vehicle with vehicle collision,going straight,moving backward,over 51,1-2yr,male,long lorry,9,morning,2,False
serious injury,2,1900-01-01 09:24:00,tuesday,recreational areas,y shape,tangent road with flat terrain,two-way (divided with broken lines road marking),normal,daylight,dry,vehicle with vehicle collision,moving backward,no distancing,31-50,5-10yr,male,turbo,9,morning,2,False
serious injury,2,1900-01-01 09:24:00,tuesday,other,y shape,tangent road with flat terrain,two-way (divided with broken lines road marking),normal,daylight,dry,vehicle with vehicle collision,going straight,moving backward,over 51,below 1yr,male,long lorry,9,morning,2,False
slight injury,2,1900-01-01 13:24:00,wednesday,industrial areas,y shape,tangent road with mild grade and flat terrain,undivided two way,normal,daylight,dry,collision with roadside objects,going straight,no priority to vehicle,18-30,5-10yr,male,long lorry,13,afternoon,1,False
slight injury,2,1900-01-01 13:24:00,wednesday,other,y shape,tangent road with flat terrain,two-way (divided with broken lines road marking),normal,daylight,dry,vehicle with vehicle collision,going straight,driving carelessly,18-30,5-10yr,male,public (13?45 seats),13,afternoon,1,False
slight injury,2,1900-01-01 13:24:00,wednesday,other,y shape,tangent road with flat terrain,other,normal,daylight,dry,collision with roadside objects,going straight,no distancing,18-30,5-10yr,male,automobile,13,afternoon,1,False
slight injury,1,1900-01-01 17:05:00,friday,church areas,no junction,tangent road with flat terrain,other,normal,daylight,dry,vehicle with vehicle collision,moving backward,other,18-30,5-10yr,male,automobile,17,afternoon,1,False
serious injury,1,1900-01-01 07:02:00,wednesday,church areas,no junction,tangent road with flat terrain,undivided two way,normal,daylight,dry,vehicle with vehicle collision,going straight,changing lane to the right,31-50,2-5yr,male,pick up upto 10q,7,morning,2,False
serious injury,1,1900-01-01 07:02:00,wednesday,other,no junction,tangent road with flat terrain,two-way (divided with broken lines road marking),normal,daylight,dry,vehicle with vehicle collision,other,no distancing,31-50,5-10yr,male,automobile,7,morning,2,False
serious injury,1,1900-01-01 19:20:00,friday,other,crossing,tangent road with flat terrain,one way,normal,daylight,dry,vehicle with vehicle collision,other,driving carelessly,18-30,above 10yr,male,stationwagen,19,evening,2,False
serious injury,1,1900-01-01 19:20:00,friday,recreational areas,crossing,tangent road with flat terrain,two-way (divided with broken lines road marking),normal,daylight,dry,vehicle with vehicle collision,going straight,no distancing,18-30,below 1yr,male,automobile,19,evening,2,False
slight injury,1,1900-01-01 16:10:00,sunday,other,crossing,tangent road with flat terrain,undivided two way,normal,daylight,dry,vehicle with vehicle collision,going straight,no priority to vehicle,18-30,5-10yr,male,automobile,16,afternoon,1,True
slight injury,1,1900-01-01 16:10:00,sunday,office areas,crossing,tangent road with flat terrain,undivided two way,normal,daylight,dry,vehicle with vehicle collision,going straight,changing lane to the right,over 51,2-5yr,male,automobile,16,afternoon,1,True
slight injury,2,1900-01-01 18:00:00,saturday,church areas,no junction,tangent road with flat terrain,two-way (divided with broken lines road marking),normal,daylight,dry,vehicle with vehicle collision,going straight,no priority to pedestrian,18-30,2-5yr,male,long lorry,18,evening,1,True
slight injury,2,1900-01-01 18:00:00,saturday,office areas,no junction,tangent road with flat terrain,two-way (divided with broken lines road marking),normal,daylight,dry,vehicle with vehicle collision,other,no priority to vehicle,over 51,1-2yr,male,public (13?45 seats),18,evening,1,True
slight injury,2,1900-01-01 18:00:00,saturday,office areas,no junction,tangent road with mountainous terrain and,undivided two way,normal,daylight,dry,vehicle with vehicle collision,going straight,changing lane to the left,31-50,2-5yr,male,public (13?45 seats),18,evening,1,True
slight injury,1,1900-01-01 08:15:00,thursday,other,o shape,tangent road with flat terrain,undivided two way,normal,daylight,dry,vehicle with vehicle collision,getting off,turnover,31-50,2-5yr,male,lorry (11?40q),8,morning,1,False
slight injury,1,1900-01-01 11:00:00,tuesday,residential areas,y shape,tangent road with flat terrain,two-way (divided with broken lines road marking),normal,daylight,dry,rollover,going straight,driving to the left,31-50,above 10yr,male,lorry (11?40q),11,morning,1,False
slight injury,2,1900-01-01 17:39:00,wednesday,office areas,no junction,tangent road with mild grade and flat terrain,two-way (divided with broken lines road marking),normal,daylight,dry,collision with roadside objects,going straight,driving carelessly,over 51,below 1yr,male,pick up upto 10q,17,afternoon,1,False
slight injury,2,1900-01-01 17:39:00,wednesday,residential areas,no junction,tangent road with flat terrain,other,normal,daylight,dry,vehicle with vehicle collision,going straight,driving to the left,18-30,2-5yr,male,automobile,17,afternoon,1,False
slight injury,2,1900-01-01 17:39:00,wednesday,residential areas,no junction,tangent road with flat terrain,two-way (divided with broken lines road marking),normal,daylight,dry,vehicle with vehicle collision,going straight,driving carelessly,18-30,above 10yr,male,automobile,17,afternoon,1,False
slight injury,1,1900-01-01 20:00:00,sunday,other,y shape,tangent road with flat terrain,double carriageway (median),normal,daylight,dry,collision with roadside objects,going straight,no priority to pedestrian,over 51,above 10yr,male,automobile,20,evening,1,True
slight injury,1,1900-01-01 10:45:00,wednesday,hospital areas,y shape,tangent road with flat terrain,one way,normal,daylight,dry,vehicle with vehicle collision,going straight,driving carelessly,18-30,5-10yr,male,long lorry,10,morning,1,False
slight injury,1,1900-01-01 10:45:00,wednesday,other,y shape,tangent road with flat terrain,undivided two way,normal,daylight,dry,vehicle with vehicle collision,moving backward,changing lane to the right,under 18,above 10yr,male,long lorry,10,morning,1,False
serious injury,1,1900-01-01 06:15:00,wednesday,other,no junction,tangent road with flat terrain,undivided two way,normal,daylight,dry,vehicle with vehicle collision,going straight,moving backward,18-30,1-2yr,male,automobile,6,morning,2,False
slight injury,3,1900-01-01 22:45:00,wednesday,recreational areas,crossing,tangent road with mild grade and flat terrain,one way,raining,darkness - lights lit,wet or damp,rollover,other,driving carelessly,31-50,2-5yr,male,stationwagen,22,evening,1,False
slight injury,3,1900-01-01 22:45:00,wednesday,other,crossing,tangent road with flat terrain,undivided two way,raining,darkness - lights lit,wet or damp,rollover,going straight,changing lane to the right,31-50,2-5yr,male,automobile,22,evening,1,False
slight injury,3,1900-01-01 22:45:00,wednesday,other,crossing,tangent road with flat terrain,undivided two way,raining,darkness - lights lit,wet or damp,collision with pedestrians,going straight,driving carelessly,18-30,5-10yr,male,other,22,evening,1,False
serious injury,2,1900-01-01 16:30:00,tuesday,other,y shape,tangent road with flat terrain,undivided two way,normal,daylight,dry,vehicle with vehicle collision,going straight,driving carelessly,31-50,5-10yr,male,special vehicle,16,afternoon,2,False
serious injury,2,1900-01-01 16:30:00,tuesday,office areas,y shape,tangent road with flat terrain,two-way (divided with broken lines road marking),normal,daylight,dry,vehicle with vehicle collision,going straight,driving carelessly,31-50,5-10yr,male,lorry (41?100q),16,afternoon,2,False
serious injury,1,1900-01-01 14:50:00,sunday,other,y shape,tangent road with mild grade and flat terrain,two-way (divided with broken lines road marking),normal,daylight,dry,vehicle with vehicle collision,going straight,changing lane to the right,31-50,above 10yr,male,pick up upto 10q,14,afternoon,2,True
serious injury,1,1900-01-01 14:50:00,sunday,residential areas,y shape,tangent road with flat terrain,two-way (divided with broken lines road marking),normal,daylight,dry,collision with pedestrians,moving backward,changing lane to the right,18-30,below 1yr,male,lorry (11?40q),14,afternoon,2,True
serious injury,1,1900-01-01 14:25:00,saturday,other,y shape,tangent road with flat terrain,undivided two way,normal,daylight,dry,collision with pedestrians,going straight,driving carelessly,over 51,below 1yr,male,lorry (41?100q),14,afternoon,2,True
serious injury,1,1900-01-01 14:25:00,saturday,other,y shape,tangent road with flat terrain,undivided two way,normal,daylight,dry,vehicle with vehicle collision,going straight,overtaking,18-30,above 10yr,male,motorcycle,14,afternoon,2,True
slight injury,1,1900-01-01 15:40:00,friday,church areas,no junction,tangent road with flat terrain,undivided two way,normal,daylight,dry,vehicle with vehicle collision,going straight,changing lane to the right,31-50,5-10yr,male,automobile,15,afternoon,1,False
slight injury,1,1900-01-01 17:55:00,saturday,office areas,no junction,tangent road with flat terrain,undivided two way,normal,daylight,dry,vehicle with vehicle collision,going straight,no distancing,over 51,5-10yr,male,automobile,17,afternoon,1,True
slight injury,1,1900-01-01 17:55:00,saturday,school areas,no junction,tangent road with flat terrain,other,normal,daylight,dry,collision with roadside objects,going straight,other,18-30,2-5yr,male,automobile,17,afternoon,1,True
slight injury,1,1900-01-01 11:19:00,thursday,other,no junction,tangent road with flat terrain,undivided two way,normal,daylight,dry,vehicle with vehicle collision,going straight,changing lane to the right,over 51,2-5yr,male,stationwagen,11,morning,1,False
slight injury,1,1900-01-01 11:19:00,thursday,office areas,no junction,tangent road with flat terrain,undivided two way,normal,daylight,dry,collision with roadside objects,going straight,changing lane to the right,18-30,5-10yr,male,automobile,11,morning,1,False
serious injury,1,1900-01-01 20:15:00,thursday,residential areas,crossing,steep grade downward with mountainous terrain,other,normal,daylight,wet or damp,vehicle with vehicle collision,going straight,overtaking,18-30,2-5yr,female,public (> 45 seats),20,evening,2,False
slight injury,1,1900-01-01 07:24:00,monday,industrial areas,no junction,tangent road with flat terrain,one way,other,daylight,dry,vehicle with vehicle collision,going straight,other,18-30,5-10yr,male,public (> 45 seats),7,morning,1,False
slight injury,1,1900-01-01 07:24:00,monday,other,no junction,tangent road with flat terrain,undivided two way,other,daylight,dry,collision with roadside objects,going straight,driving to the left,31-50,2-5yr,male,stationwagen,7,morning,1,False
slight injury,1,1900-01-01 19:55:00,sunday,residential areas,no junction,tangent road with flat terrain,undivided two way,normal,daylight,wet or damp,vehicle with vehicle collision,going straight,overtaking,31-50,5-10yr,male,automobile,19,evening,1,True
slight injury,1,1900-01-01 19:55:00,sunday,recreational areas,no junction,tangent road with flat terrain,two-way (divided with broken lines road marking),normal,daylight,wet or damp,vehicle with vehicle collision,other,no priority to vehicle,18-30,2-5yr,male,bicycle,19,evening,1,True
slight injury,1,1900-01-01 16:50:00,sunday,office areas,no junction,tangent road with flat terrain,other,normal,daylight,dry,collision with roadside objects,going straight,moving backward,31-50,1-2yr,male,automobile,16,afternoon,1,True
slight injury,1,1900-01-01 09:30:00,friday,outside rural areas,no junction,tangent road with flat terrain,two-way (divided with broken lines road marking),normal,daylight,dry,collision with roadside objects,going straight,other,18-30,5-10yr,male,lorry (41?100q),9,morning,1,False
slight injury,1,1900-01-01 06:58:00,friday,outside rural areas,other,tangent road with flat terrain,two-way (divided with broken lines road marking),normal,daylight,dry,vehicle with vehicle collision,going straight,no priority to vehicle,18-30,1-2yr,male,automobile,6,morning,1,False
slight injury,1,1900-01-01 06:58:00,friday,outside rural areas,other,tangent road with flat terrain,undivided two way,normal,daylight,dry,vehicle with vehicle collision,going straight,no priority to pedestrian,over 51,2-5yr,male,public (13?45 seats),6,morning,1,False
slight injury,1,1900-01-01 09:10:00,thursday,outside rural areas,no junction,tangent road with flat terrain,undivided two way,normal,daylight,dry,vehicle with vehicle collision,going straight,changing lane to the right,31-50,1-2yr,male,special vehicle,9,morning,1,False
slight injury,1,1900-01-01 09:10:00,thursday,outside rural areas,no junction,steep grade downward with mountainous terrain,other,normal,daylight,dry,vehicle with vehicle collision,going straight,changing lane to the right,31-50,above 10yr,male,automobile,9,morning,1,False
serious injury,1,1900-01-01 03:10:00,thursday,school areas,y shape,steep grade downward with mountainous terrain,other,normal,darkness - lights lit,dry,vehicle with vehicle collision,moving backward,changing lane to the right,18-30,2-5yr,male,public (13?45 seats),3,night,2,False
slight injury,1,1900-01-01 19:18:00,wednesday,outside rural areas,y shape,tangent road with flat terrain,two-way (divided with broken lines road marking),normal,daylight,dry,vehicle with vehicle collision,going straight,driving to the left,18-30,2-5yr,male,automobile,19,evening,1,False
slight injury,1,1900-01-01 19:30:00,saturday,outside rural areas,no junction,tangent road with flat terrain,undivided two way,normal,daylight,dry,vehicle with vehicle collision,going straight,changing lane to the left,18-30,2-5yr,male,lorry (41?100q),19,evening,1,True
slight injury,1,1900-01-01 13:25:00,tuesday,outside rural areas,y shape,escarpments,two-way (divided with broken lines road marking),raining,daylight,wet or damp,vehicle with vehicle collision,going straight,moving backward,18-30,2-5yr,male,lorry (41?100q),13,afternoon,1,False
slight injury,2,1900-01-01 18:35:00,saturday,outside rural areas,y shape,tangent road with mountainous terrain and,two-way (divided with broken lines road marking),raining,daylight,wet or damp,vehicle with vehicle collision,going straight,driving at high speed,31-50,2-5yr,male,public (12 seats),18,evening,1,True
slight injury,2,1900-01-01 18:35:00,saturday,office areas,y shape,tangent road with mountainous terrain and,undivided two way,raining,daylight,wet or damp,vehicle with vehicle collision,going straight,moving backward,over 51,2-5yr,male,lorry (41?100q),18,evening,1,True
slight injury,2,1900-01-01 18:35:00,saturday,outside rural areas,y shape,tangent road with mountainous terrain and,undivided two way,raining,daylight,wet or damp,vehicle with vehicle collision,going straight,no distancing,over 51,5-10yr,male,lorry (41?100q),18,evening,1,True
slight injury,2,1900-01-01 19:33:00,saturday,outside rural areas,crossing,tangent road with mountainous terrain and,undivided two way,normal,daylight,dry,vehicle with vehicle collision,going straight,other,18-30,2-5yr,male,public (12 seats),19,evening,1,True
slight injury,2,1900-01-01 19:33:00,saturday,outside rural areas,crossing,tangent road with flat terrain,undivided two way,normal,daylight,dry,vehicle with vehicle collision,getting off,no priority to vehicle,18-30,above 10yr,male,public (> 45 seats),19,evening,1,True
slight injury,2,1900-01-01 19:33:00,saturday,office areas,crossing,tangent road with flat terrain,undivided two way,normal,daylight,dry,vehicle with vehicle collision,going straight,changing lane to the right,18-30,above 10yr,male,automobile,19,evening,1,True
slight injury,2,1900-01-01 19:33:00,saturday,recreational areas,crossing,tangent road with flat terrain,undivided two way,normal,daylight,dry,vehicle with vehicle collision,going straight,other,18-30,above 10yr,female,pick up upto 10q,19,evening,1,True
slight injury,1,1900-01-01 14:00:00,monday,office areas,no junction,tangent road with flat terrain,undivided two way,raining,daylight,wet or damp,vehicle with vehicle collision,turnover,no distancing,31-50,5-10yr,male,stationwagen,14,afternoon,1,False
slight injury,1,1900-01-01 07:20:00,wednesday,other,no junction,tangent road with mild grade and flat terrain,two-way (divided with broken lines road marking),normal,daylight,dry,vehicle with vehicle collision,moving backward,driving carelessly,18-30,2-5yr,male,other,7,morning,1,False
slight injury,1,1900-01-01 07:20:00,wednesday,residential areas,no junction,tangent road with flat terrain,two-way (divided with broken lines road marking),normal,daylight,dry,vehicle with vehicle collision,going straight,no distancing,18-30,1-2yr,male,automobile,7,morning,1,False
slight injury,1,1900-01-01 07:20:00,wednesday,residential areas,no junction,tangent road with flat terrain,other,normal,daylight,dry,collision with roadside objects,moving backward,moving backward,under 18,2-5yr,female,automobile,7,morning,1,False
slight injury,2,1900-01-01 16:39:00,tuesday,residential areas,y shape,tangent road with flat terrain,undivided two way,normal,daylight,dry,vehicle with vehicle collision,going straight,no distancing,under 18,5-10yr,male,stationwagen,16,afternoon,1,False
slight injury,2,1900-01-01 16:39:00,tuesday,other,y shape,tangent road with flat terrain,undivided two way,normal,daylight,dry,collision with pedestrians,going straight,moving backward,31-50,5-10yr,male,pick up upto 10q,16,afternoon,1,False
slight injury,1,1900-01-01 16:49:00,thursday,office areas,no junction,tangent road with flat terrain,two-way (divided with broken lines road marking),normal,daylight,dry,vehicle with vehicle collision,going straight,no priority to pedestrian,18-30,5-10yr,male,lorry (41?100q),16,afternoon,1,False
slight injury,1,1900-01-01 11:15:00,monday,other,x shape,tangent road with flat terrain,two-way (divided with broken lines road marking),raining,daylight,wet or damp,collision with roadside objects,going straight,changing lane to the left,31-50,above 10yr,male,automobile,11,morning,1,False
slight injury,2,1900-01-01 12:50:00,monday,other,y shape,tangent road with flat terrain,other,raining,daylight,wet or damp,vehicle with vehicle collision,going straight,no distancing,18-30,above 10yr,male,automobile,12,afternoon,1,False
slight injury,2,1900-01-01 12:50:00,monday,office areas,y shape,tangent road with flat terrain,two-way (divided with broken lines road marking),raining,daylight,wet or damp,vehicle with vehicle collision,going straight,other,31-50,1-2yr,male,lorry (41?100q),12,afternoon,1,False
slight injury,2,1900-01-01 18:50:00,monday,church areas,crossing,tangent road with flat terrain,other,raining,daylight,wet or damp,vehicle with vehicle collision,going straight,no distancing,18-30,5-10yr,male,lorry (41?100q),18,evening,1,False
slight injury,2,1900-01-01 18:50:00,monday,other,crossing,tangent road with flat terrain,two-way (divided with broken lines road marking),raining,daylight,wet or damp,vehicle with vehicle collision,going straight,no priority to pedestrian,18-30,2-5yr,male,lorry (41?100q),18,evening,1,False
slight injury,1,1900-01-01 17:36:00,friday,other,y shape,tangent road with flat terrain,one way,normal,daylight,dry,vehicle with vehicle collision,going straight,moving backward,under 18,5-10yr,male,pick up upto 10q,17,afternoon,1,False
slight injury,1,1900-01-01 17:36:00,friday,office areas,y shape,tangent road with flat terrain,double carriageway (median),normal,daylight,dry,rollover,going straight,no priority to pedestrian,under 18,2-5yr,male,pick up upto 10q,17,afternoon,1,False
serious injury,1,1900-01-01 20:55:00,tuesday,office areas,y shape,tangent road with mild grade and flat terrain,one way,normal,daylight,dry,collision with roadside objects,going straight,no distancing,18-30,above 10yr,male,automobile,20,evening,2,False
slight injury,1,1900-01-01 17:01:00,thursday,office areas,no junction,tangent road with flat terrain,undivided two way,normal,daylight,dry,vehicle with vehicle collision,other,no priority to pedestrian,18-30,5-10yr,male,other,17,afternoon,1,False
slight injury,1,1900-01-01 15:00:00,friday,office areas,y shape,tangent road with flat terrain,double carriageway (median),normal,daylight,dry,vehicle with vehicle collision,other,driving carelessly,31-50,5-10yr,male,automobile,15,afternoon,1,False
serious injury,1,1900-01-01 02:55:00,saturday,other,y shape,tangent road with flat terrain,two-way (divided with broken lines road marking),windy,darkness - lights lit,wet or damp,collision with roadside objects,going straight,getting off the vehicle improperly,18-30,1-2yr,male,automobile,2,night,2,True
slight injury,2,1900-01-01 18:35:00,thursday,office areas,y shape,tangent road with flat terrain,undivided two way,normal,daylight,dry,vehicle with vehicle collision,going straight,driving carelessly,31-50,above 10yr,male,motorcycle,18,evening,1,False
slight injury,2,1900-01-01 18:35:00,thursday,other,y shape,tangent road with flat terrain,two-way (divided with broken lines road marking),normal,daylight,dry,vehicle with vehicle collision,getting off,changing lane to the left,31-50,5-10yr,male,automobile,18,evening,1,False
slight injury,1,1900-01-01 22:10:00,sunday,other,no junction,tangent road with flat terrain,double carriageway (median),normal,darkness - lights lit,dry,vehicle with vehicle collision,going straight,no priority to vehicle,under 18,2-5yr,male,automobile,22,evening,1,True
slight injury,1,1900-01-01 22:10:00,sunday,other,no junction,tangent road with flat terrain,two-way (divided with broken lines road marking),normal,darkness - lights lit,dry,vehicle with vehicle collision,going straight,changing lane to the right,31-50,2-5yr,male,public (12 seats),22,evening,1,True
slight injury,1,1900-01-01 17:21:00,thursday,office areas,crossing,tangent road with flat terrain,two-way (divided with broken lines road marking),normal,daylight,dry,vehicle with vehicle collision,going straight,changing lane to the right,under 18,5-10yr,male,automobile,17,afternoon,1,False
slight injury,1,1900-01-01 17:21:00,thursday,office areas,crossing,tangent road with flat terrain,two-way (divided with broken lines road marking),normal,daylight,dry,vehicle with vehicle collision,going straight,no distancing,31-50,1-2yr,male,public (> 45 seats),17,afternoon,1,False
slight injury,2,1900-01-01 11:42:00,wednesday,office areas,y shape,tangent road with flat terrain,two-way (divided with broken lines road marking),normal,daylight,dry,collision with pedestrians,going straight,no distancing,over 51,5-10yr,male,lorry (41?100q),11,morning,1,False
slight injury,2,1900-01-01 11:42:00,wednesday,office areas,y shape,tangent road with flat terrain,two-way (divided with broken lines road marking),normal,daylight,dry,vehicle with vehicle collision,getting off,changing lane to the left,31-50,5-10yr,male,public (> 45 seats),11,morning,1,False
slight injury,1,1900-01-01 15:20:00,wednesday,church areas,no junction,tangent road with flat terrain,undivided two way,normal,daylight,dry,collision with roadside objects,going straight,changing lane to the right,18-30,5-10yr,female,automobile,15,afternoon,1,False
slight injury,4,1900-01-01 18:20:00,sunday,office areas,no junction,tangent road with flat terrain,two-way (divided with broken lines road marking),raining,daylight,wet or damp,vehicle with vehicle collision,going straight,no priority to vehicle,31-50,above 10yr,male,automobile,18,evening,1,True
slight injury,4,1900-01-01 18:20:00,sunday,residential areas,no junction,tangent road with flat terrain,two-way (divided with broken lines road marking),raining,daylight,wet or damp,vehicle with vehicle collision,other,changing lane to the left,31-50,2-5yr,male,automobile,18,evening,1,True
slight injury,4,1900-01-01 18:20:00,sunday,school areas,no junction,tangent road with flat terrain,two-way (divided with broken lines road marking),raining,daylight,wet or damp,vehicle with vehicle collision,going straight,no priority to vehicle,31-50,5-10yr,male,automobile,18,evening,1,True
slight injury,4,1900-01-01 18:20:00,sunday,office areas,no junction,tangent road with flat terrain,undivided two way,raining,daylight,wet or damp,vehicle with vehicle collision,going straight,moving backward,31-50,5-10yr,male,lorry (41?100q),18,evening,1,True
slight injury,4,1900-01-01 18:20:00,sunday,other,no junction,tangent road with flat terrain,undivided two way,raining,daylight,wet or damp,vehicle with vehicle collision,going straight,turnover,31-50,5-10yr,male,automobile,18,evening,1,True
slight injury,2,1900-01-01 14:42:00,sunday,other,y shape,tangent road with flat terrain,double carriageway (median),raining,daylight,wet or damp,vehicle with vehicle collision,going straight,no distancing,over 51,5-10yr,male,public (13?45 seats),14,afternoon,1,True
slight injury,2,1900-01-01 14:42:00,sunday,other,y shape,tangent road with flat terrain,double carriageway (median),raining,daylight,wet or damp,vehicle with vehicle collision,going straight,no distancing,over 51,5-10yr,male,automobile,14,afternoon,1,True
slight injury,2,1900-01-01 14:42:00,sunday,other,y shape,tangent road with flat terrain,two-way (divided with broken lines road marking),raining,daylight,wet or damp,vehicle with vehicle collision,reversing,no distancing,over 51,1-2yr,male,public (> 45 seats),14,afternoon,1,True
slight injury,1,1900-01-01 18:23:00,friday,office areas,y shape,tangent road with mild grade and flat terrain,double carriageway (median),normal,daylight,dry,vehicle with vehicle collision,other,changing lane to the left,18-30,5-10yr,male,lorry (41?100q),18,evening,1,False
slight injury,1,1900-01-01 10:35:00,thursday,office areas,y shape,tangent road with flat terrain,two-way (divided with broken lines road marking),normal,daylight,dry,collision with roadside objects,going straight,no priority to vehicle,18-30,2-5yr,male,automobile,10,morning,1,False
slight injury,1,1900-01-01 10:35:00,thursday,office areas,y shape,tangent road with mild grade and flat terrain,two-way (divided with broken lines road marking),normal,daylight,dry,vehicle with vehicle collision,going straight,driving at high speed,18-30,5-10yr,male,lorry (11?40q),10,morning,1,False
serious injury,1,1900-01-01 06:25:00,thursday,office areas,no junction,tangent road with mild grade and flat terrain,two-way (divided with broken lines road marking),normal,daylight,wet or damp,collision with roadside objects,going straight,overtaking,over 51,2-5yr,male,public (13?45 seats),6,morning,2,False