Accident_severity,Number_of_casualties,Time,Day_of_week,Area_accident_occured,Types_of_Junction,Road_allignment,Lanes_or_Medians,Weather_conditions,Light_conditions,Road_surface_conditions,Type_of_collision,Vehicle_movement,Cause_of_accident,Age_band_of_driver,Driving_experience,Sex_of_driver,Type_of_vehicle,Hour,Time_period,severity_score,is_weekend
slight injury,3,1900-01-01 23:35:00,wednesday,other,crossing,tangent road with flat terrain,two-way (divided with broken lines road marking),normal,darkness - lights lit,dry,vehicle with vehicle collision,getting off,no priority to vehicle,31-50,1-2yr,male,lorry (11?40q),23,evening,1,False
slight injury,3,1900-01-01 14:59:00,wednesday,other,no junction,tangent road with flat terrain,other,normal,darkness - lights lit,dry,collision with roadside objects,going straight,no distancing,under 18,above 10yr,male,automobile,14,afternoon,1,False
slight injury,3,1900-01-01 14:59:00,wednesday,school areas,no junction,tangent road with flat terrain,undivided two way,normal,darkness - lights lit,dry,collision with roadside objects,going straight,no distancing,under 18,above 10yr,male,automobile,14,afternoon,1,False
serious injury,1,1900-01-01 14:59:00,wednesday,office areas,y shape,tangent road with flat terrain,two-way (divided with broken lines road marking),raining,daylight,wet or damp,vehicle with vehicle collision,going straight,overtaking,over 51,above 10yr,male,automobile,14,afternoon,2,False
serious injury,1,1900-01-01 14:40:00,saturday,office areas,y shape,tangent road with flat terrain,two-way (divided with broken lines road marking),normal,daylight,dry,collision with roadside objects,reversing,driving under the influence of drugs,18-30,above 10yr,male,public (13?45 seats),14,afternoon,2,True
serious injury,1,1900-01-01 14:40:00,saturday,office areas,no junction,tangent road with flat terrain,two-way (divided with broken lines road marking),normal,daylight,dry,collision with roadside objects,going straight,changing lane to the right,18-30,1-2yr,male,public (12 seats),14,afternoon,2,True
serious injury,1,1900-01-01 14:40:00,saturday,school areas,y shape,tangent road with flat terrain,two-way (divided with broken lines road marking),normal,daylight,dry,vehicle with vehicle collision,stopping,changing lane to the left,18-30,5-10yr,male,other,14,afternoon,2,True
slight injury,2,1900-01-01 12:48:00,sunday,school areas,y shape,tangent road with flat terrain,undivided two way,normal,darkness - lights lit,dry,vehicle with vehicle collision,overtaking,driving carelessly,31-50,2-5yr,male,automobile,12,afternoon,1,True
slight injury,2,1900-01-01 12:48:00,sunday,office areas,y shape,tangent road with flat terrain,two-way (divided with broken lines road marking),normal,darkness - lights lit,dry,collision with roadside objects,going straight,moving backward,18-30,2-5yr,male,automobile,12,afternoon,1,True
serious injury,2,1900-01-01 12:48:00,sunday,office areas,y shape,tangent road with flat terrain,two-way (divided with broken lines road marking),normal,daylight,dry,vehicle with vehicle collision,reversing,moving backward,18-30,5-10yr,male,public (13?45 seats),12,afternoon,2,True
serious injury,2,1900-01-01 12:48:00,sunday,school areas,y shape,tangent road with flat terrain,two-way (divided with broken lines road marking),normal,daylight,dry,vehicle with vehicle collision,going straight,changing lane to the right,18-30,5-10yr,male,public (13?45 seats),12,afternoon,2,True
serious injury,2,1900-01-01 12:48:00,sunday,other,y shape,tangent road with flat terrain,two-way (divided with broken lines road marking),raining,daylight,wet or damp,vehicle with vehicle collision,going straight,no priority to vehicle,18-30,2-5yr,male,automobile,12,afternoon,2,True
serious injury,2,1900-01-01 18:40:00,friday,other,y shape,tangent road with flat terrain,two-way (divided with broken lines road marking),raining,daylight,wet or damp,vehicle with vehicle collision,reversing,driving at high speed,18-30,above 10yr,male,other,18,evening,2,False
serious injury,2,1900-01-01 18:40:00,friday,other,y shape,tangent road with flat terrain,undivided two way,raining,daylight,wet or damp,vehicle with vehicle collision,going straight,driving under the influence of drugs,18-30,5-10yr,male,pick up upto 10q,18,evening,2,False
fatal injury,2,1900-01-01 11:11:00,wednesday,other,y shape,tangent road with flat terrain,two-way (divided with broken lines road marking),normal,daylight,dry,vehicle with vehicle collision,waiting to go,changing lane to the right,18-30,above 10yr,male,lorry (41?100q),11,morning,3,False
fatal injury,2,1900-01-01 11:11:00,wednesday,residential areas,y shape,tangent road with flat terrain,undivided two way,normal,daylight,dry,collision with pedestrians,going straight,driving carelessly,18-30,2-5yr,male,automobile,11,morning,3,False
slight injury,1,1900-01-01 07:50:00,tuesday,other,y shape,tangent road with flat terrain,undivided two way,normal,daylight,dry,vehicle with vehicle collision,going straight,no distancing,over 51,2-5yr,male,automobile,7,morning,1,False
slight injury,1,1900-01-01 07:50:00,tuesday,other,y shape,tangent road with flat terrain,undivided two way,normal,daylight,dry,collision with roadside objects,going straight,changing lane to the left,18-30,2-5yr,male,lorry (41?100q),7,morning,1,False
slight injury,2,1900-01-01 07:50:00,tuesday,industrial areas,y shape,tangent road with flat terrain,undivided two way,normal,daylight,dry,vehicle with vehicle collision,going straight,no distancing,18-30,1-2yr,male,automobile,7,morning,1,False
slight injury,2,1900-01-01 16:30:00,tuesday,recreational areas,y shape,tangent road with flat terrain,undivided two way,normal,daylight,dry,vehicle with vehicle collision,getting off,no distancing,18-30,5-10yr,male,other,16,afternoon,1,False
serious injury,1,1900-01-01 16:30:00,tuesday,church areas,y shape,tangent road with flat terrain,two-way (divided with broken lines road marking),normal,daylight,dry,vehicle with vehicle collision,going straight,getting off the vehicle improperly,31-50,2-5yr,female,automobile,16,afternoon,2,False
serious injury,1,1900-01-01 18:56:00,monday,office areas,y shape,tangent road with flat terrain,two-way (divided with broken lines road marking),normal,daylight,dry,vehicle with vehicle collision,going straight,overtaking,under 18,1-2yr,male,automobile,18,evening,2,False
slight injury,1,1900-01-01 18:56:00,monday,other,y shape,tangent road with flat terrain,two-way (divided with broken lines road marking),normal,daylight,dry,vehicle with vehicle collision,going straight,driving carelessly,18-30,1-2yr,male,automobile,18,evening,1,False
slight injury,1,1900-01-01 18:13:00,tuesday,office areas,y shape,tangent road with flat terrain,undivided two way,normal,daylight,dry,vehicle with vehicle collision,reversing,driving under the influence of drugs,18-30,no licence,male,automobile,18,evening,1,False
slight injury,1,1900-01-01 18:13:00,tuesday,office areas,y shape,tangent road with flat terrain,two-way (divided with broken lines road marking),normal,daylight,dry,vehicle with vehicle collision,turnover,moving backward,31-50,5-10yr,male,lorry (41?100q),18,evening,1,False
serious injury,1,1900-01-01 18:13:00,tuesday,other,crossing,tangent road with flat terrain,two-way (divided with broken lines road marking),normal,daylight,dry,vehicle with vehicle collision,going straight,overturning,31-50,1-2yr,male,other,18,evening,2,False
slight injury,3,1900-01-01 15:15:00,sunday,residential areas,crossing,tangent road with flat terrain,undivided two way,normal,daylight,dry,vehicle with vehicle collision,going straight,driving under the influence of drugs,18-30,2-5yr,male,pick up upto 10q,15,afternoon,1,True
slight injury,3,1900-01-01 15:15:00,sunday,office areas,y shape,tangent road with mountainous terrain and,other,normal,daylight,dry,collision with roadside objects,going straight,changing lane to the right,31-50,5-10yr,male,stationwagen,15,afternoon,1,True
slight injury,3,1900-01-01 15:15:00,sunday,residential areas,crossing,tangent road with flat terrain,other,normal,daylight,dry,vehicle with vehicle collision,going straight,changing lane to the left,31-50,5-10yr,male,other,15,afternoon,1,True
slight injury,3,1900-01-01 10:12:00,tuesday,school areas,y shape,tangent road with flat terrain,two-way (divided with broken lines road marking),normal,daylight,dry,collision with roadside objects,getting off,no distancing,18-30,5-10yr,male,pick up upto 10q,10,morning,1,False
slight injury,1,1900-01-01 19:25:00,monday,office areas,y shape,sharp reverse curve,two-way (divided with broken lines road marking),normal,daylight,dry,vehicle with vehicle collision,going straight,no distancing,31-50,2-5yr,male,stationwagen,19,evening,1,False
slight injury,1,1900-01-01 14:57:00,friday,other,y shape,tangent road with flat terrain,other,normal,daylight,dry,vehicle with vehicle collision,going straight,no priority to vehicle,18-30,above 10yr,male,lorry (41?100q),14,afternoon,1,False
slight injury,1,1900-01-01 14:57:00,friday,other,no junction,tangent road with flat terrain,undivided two way,normal,daylight,dry,vehicle with vehicle collision,going straight,moving backward,31-50,above 10yr,male,automobile,14,afternoon,1,False
slight injury,1,1900-01-01 14:57:00,friday,church areas,no junction,tangent road with flat terrain,other,normal,daylight,dry,collision with pedestrians,going straight,moving backward,31-50,5-10yr,male,automobile,14,afternoon,1,False
serious injury,1,1900-01-01 08:30:00,sunday,office areas,no junction,tangent road with flat terrain,two-way (divided with broken lines road marking),normal,darkness - no lighting,dry,vehicle with vehicle collision,going straight,getting off the vehicle improperly,under 18,above 10yr,male,automobile,8,morning,2,True
serious injury,2,1900-01-01 22:05:00,monday,other,no junction,tangent road with flat terrain,two-way (divided with broken lines road marking),normal,darkness - lights lit,dry,vehicle with vehicle collision,going straight,changing lane to the left,18-30,above 10yr,male,automobile,22,evening,2,False
serious injury,2,1900-01-01 22:05:00,monday,office areas,no junction,tangent road with mild grade and flat terrain,two-way (divided with broken lines road marking),normal,darkness - lights lit,dry,vehicle with vehicle collision,going straight,changing lane to the left,18-30,2-5yr,male,turbo,22,evening,2,False
slight injury,2,1900-01-01 15:30:00,friday,office areas,no junction,tangent road with flat terrain,two-way (divided with broken lines road marking),normal,daylight,dry,collision with pedestrians,going straight,no priority to vehicle,18-30,5-10yr,male,automobile,15,afternoon,1,False
slight injury,2,1900-01-01 15:30:00,friday,office areas,no junction,sharp reverse curve,two-way (divided with broken lines road marking),normal,daylight,dry,collision with roadside objects,going straight,changing lane to the right,over 51,below 1yr,male,stationwagen,15,afternoon,1,False
slight injury,3,1900-01-01 15:30:00,friday,church areas,no junction,sharp reverse curve,undivided two way,raining,daylight,wet or damp,vehicle with vehicle collision,going straight,changing lane to the right,over 51,5-10yr,male,automobile,15,afternoon,1,False
slight injury,3,1900-01-01 21:15:00,sunday,office areas,y shape,gentle horizontal curve,undivided two way,raining,daylight,wet or damp,vehicle with vehicle collision,reversing,driving carelessly,31-50,above 10yr,male,automobile,21,evening,1,True
slight injury,3,1900-01-01 21:15:00,sunday,other,no junction,gentle horizontal curve,double carriageway (median),raining,daylight,wet or damp,vehicle with vehicle collision,going straight,changing lane to the left,31-50,5-10yr,male,automobile,21,evening,1,True
slight injury,1,1900-01-01 21:15:00,sunday,other,no junction,tangent road with flat terrain,two-way (divided with broken lines road marking),normal,daylight,dry,vehicle with vehicle collision,turnover,changing lane to the right,18-30,1-2yr,male,pick up upto 10q,21,evening,1,True
slight injury,1,1900-01-01 21:15:00,sunday,church areas,crossing,tangent road with mountainous terrain and,two-way (divided with broken lines road marking),normal,daylight,dry,vehicle with vehicle collision,going straight,driving under the influence of drugs,18-30,5-10yr,male,lorry (41?100q),21,evening,1,True
slight injury,1,1900-01-01 16:32:00,monday,school areas,crossing,tangent road with flat terrain,undivided two way,normal,daylight,dry,vehicle with vehicle collision,going straight,driving carelessly,18-30,1-2yr,male,lorry (41?100q),16,afternoon,1,False
slight injury,1,1900-01-01 16:32:00,monday,church areas,crossing,tangent road with flat terrain,two-way (divided with broken lines road marking),normal,daylight,dry,vehicle with vehicle collision,going straight,no distancing,31-50,above 10yr,male,automobile,16,afternoon,1,False
slight injury,4,1900-01-01 16:32:00,monday,office areas,crossing,tangent road with flat terrain,undivided two way,normal,daylight,dry,collision with roadside objects,going straight,no priority to vehicle,over 51,1-2yr,male,lorry (41?100q),16,afternoon,1,False
slight injury,4,1900-01-01 15:30:00,friday,other,crossing,tangent road with flat terrain,other,normal,daylight,dry,collision with roadside objects,reversing,no priority to vehicle,31-50,5-10yr,male,lorry (41?100q),15,afternoon,1,False
slight injury,4,1900-01-01 15:30:00,friday,church areas,no junction,steep grade upward with mountainous terrain,two-way (divided with broken lines road marking),normal,daylight,dry,vehicle with vehicle collision,going straight,no priority to vehicle,31-50,2-5yr,male,lorry (41?100q),15,afternoon,1,False
slight injury,4,1900-01-01 14:45:00,saturday,other,no junction,tangent road with flat terrain,double carriageway (median),normal,daylight,dry,vehicle with vehicle collision,turnover,changing lane to the left,over 51,5-10yr,male,lorry (41?100q),14,afternoon,1,True
slight injury,4,1900-01-01 19:30:00,wednesday,other,no junction,tangent road with flat terrain,double carriageway (median),normal,daylight,dry,vehicle with vehicle collision,going straight,moving backward,31-50,2-5yr,male,automobile,19,evening,1,False
slight injury,2,1900-01-01 19:30:00,wednesday,office areas,no junction,gentle horizontal curve,two-way (divided with broken lines road marking),raining,daylight,wet or damp,vehicle with vehicle collision,going straight,driving carelessly,over 51,2-5yr,male,automobile,19,evening,1,False
slight injury,2,1900-01-01 16:56:00,friday,other,no junction,tangent road with flat terrain,two-way (divided with broken lines road marking),raining,daylight,wet or damp,vehicle with vehicle collision,going straight,driving under the influence of drugs,over 51,above 10yr,male,automobile,16,afternoon,1,False
slight injury,2,1900-01-01 17:50:00,monday,other,no junction,tangent road with flat terrain,two-way (divided with broken lines road marking),raining,daylight,wet or damp,rollover,going straight,changing lane to the right,18-30,1-2yr,male,public (13?45 seats),17,afternoon,1,False
serious injury,2,1900-01-01 17:50:00,monday,residential areas,no junction,tangent road with flat terrain,two-way (divided with broken lines road marking),normal,darkness - lights lit,dry,vehicle with vehicle collision,going straight,no priority to vehicle,18-30,1-2yr,male,automobile,17,afternoon,2,False
serious injury,2,1900-01-01 09:04:00,tuesday,office areas,no junction,tangent road with flat terrain,two-way (divided with broken lines road marking),normal,darkness - lights lit,dry,collision with roadside objects,getting off,changing lane to the right,31-50,no licence,male,public (13?45 seats),9,morning,2,False
slight injury,1,1900-01-01 09:04:00,tuesday,church areas,y shape,tangent road with flat terrain,one way,normal,daylight,dry,collision with pedestrians,moving backward,driving to the left,over 51,1-2yr,male,public (13?45 seats),9,morning,1,False
slight injury,1,1900-01-01 10:40:00,thursday,other,y shape,tangent road with flat terrain,undivided two way,normal,daylight,dry,vehicle with vehicle collision,going straight,moving backward,over 51,5-10yr,male,automobile,10,morning,1,False
slight injury,1,1900-01-01 10:40:00,thursday,market areas,y shape,steep grade downward with mountainous terrain,other,normal,daylight,dry,vehicle with vehicle collision,turnover,no priority to vehicle,over 51,above 10yr,male,lorry (11?40q),10,morning,1,False
slight injury,1,1900-01-01 21:15:00,thursday,other,y shape,tangent road with mountainous terrain and,two-way (divided with broken lines road marking),normal,daylight,dry,vehicle with vehicle collision,going straight,no distancing,18-30,above 10yr,male,automobile,21,evening,1,False
slight injury,1,1900-01-01 21:15:00,thursday,other,y shape,tangent road with mountainous terrain and,undivided two way,normal,daylight,dry,vehicle with vehicle collision,going straight,driving carelessly,18-30,5-10yr,male,lorry (41?100q),21,evening,1,False
slight injury,1,1900-01-01 16:00:00,friday,church areas,y shape,tangent road with flat terrain,undivided two way,normal,daylight,dry,vehicle with vehicle collision,going straight,changing lane to the left,under 18,2-5yr,male,other,16,afternoon,1,False
slight injury,1,1900-01-01 16:00:00,friday,residential areas,crossing,tangent road with flat terrain,undivided two way,normal,daylight,dry,vehicle with vehicle collision,going straight,no priority to vehicle,18-30,2-5yr,male,pick up upto 10q,16,afternoon,1,False
serious injury,1,1900-01-01 16:00:00,friday,other,no junction,tangent road with flat terrain,undivided two way,normal,darkness - lights lit,dry,vehicle with vehicle collision,going straight,no priority to vehicle,31-50,below 1yr,male,lorry (11?40q),16,afternoon,2,False
serious injury,1,1900-01-01 19:30:00,saturday,other,crossing,tangent road with flat terrain,two-way (divided with broken lines road marking),normal,darkness - lights lit,dry,collision with roadside objects,going straight,no distancing,18-30,2-5yr,male,motorcycle,19,evening,2,True
slight injury,2,1900-01-01 19:30:00,saturday,other,crossing,tangent road with flat terrain,double carriageway (median),normal,daylight,dry,rollover,turnover,driving to the left,18-30,2-5yr,male,pick up upto 10q,19,evening,1,True
slight injury,2,1900-01-01 19:30:00,saturday,recreational areas,y shape,tangent road with flat terrain,two-way (divided with broken lines road marking),normal,daylight,dry,vehicle with vehicle collision,turnover,driving carelessly,18-30,5-10yr,male,lorry (11?40q),19,evening,1,True
slight injury,2,1900-01-01 09:32:00,sunday,recreational areas,y shape,tangent road with flat terrain,one way,normal,daylight,dry,collision with pedestrians,going straight,driving carelessly,31-50,above 10yr,male,lorry (11?40q),9,morning,1,True
slight injury,1,1900-01-01 09:32:00,sunday,other,y shape,tangent road with flat terrain,two-way (divided with broken lines road marking),normal,daylight,dry,vehicle with vehicle collision,getting off,changing lane to the right,18-30,5-10yr,male,automobile,9,morning,1,True
slight injury,1,1900-01-01 11:19:00,wednesday,office areas,y shape,tangent road with flat terrain,two-way (divided with broken lines road marking),normal,daylight,dry,vehicle with vehicle collision,getting off,driving carelessly,over 51,2-5yr,male,automobile,11,morning,1,False
slight injury,1,1900-01-01 11:19:00,wednesday,residential areas,y shape,tangent road with flat terrain,two-way (divided with broken lines road marking),normal,daylight,dry,collision with pedestrians,going straight,changing lane to the left,over 51,5-10yr,female,other,11,morning,1,False
slight injury,4,1900-01-01 08:05:00,friday,other,y shape,tangent road with flat terrain,two-way (divided with broken lines road marking),raining,daylight,wet or damp,collision with pedestrians,overtaking,driving carelessly,31-50,2-5yr,male,other,8,morning,1,False
slight injury,4,1900-01-01 06:26:00,friday,residential areas,y shape,steep grade downward with mountainous terrain,undivided two way,raining,daylight,wet or damp,vehicle with vehicle collision,reversing,driving carelessly,18-30,5-10yr,male,automobile,6,morning,1,False
slight injury,4,1900-01-01 06:26:00,friday,church areas,other,tangent road with flat terrain,double carriageway (median),raining,daylight,wet or damp,vehicle with vehicle collision,going straight,driving under the influence of drugs,18-30,1-2yr,male,taxi,6,morning,1,False
slight injury,4,1900-01-01 09:20:00,thursday,other,y shape,tangent road with flat terrain,one way,raining,daylight,wet or damp,vehicle with vehicle collision,getting off,driving carelessly,18-30,2-5yr,male,other,9,morning,1,False
slight injury,4,1900-01-01 09:20:00,thursday,office areas,y shape,tangent road with mountainous terrain and,two-way (divided with broken lines road marking),raining,daylight,wet or damp,vehicle with vehicle collision,getting off,no distancing,18-30,above 10yr,male,taxi,9,morning,1,False
slight injury,1,1900-01-01 09:25:00,friday,other,y shape,tangent road with flat terrain,undivided two way,normal,daylight,dry,vehicle with vehicle collision,reversing,driving carelessly,31-50,below 1yr,male,lorry (11?40q),9,morning,1,False
slight injury,1,1900-01-01 09:25:00,friday,recreational areas,y shape,steep grade downward with mountainous terrain,two-way (divided with broken lines road marking),normal,daylight,dry,collision with roadside objects,turnover,driving to the left,31-50,2-5yr,male,automobile,9,morning,1,False
slight injury,1,1900-01-01 17:50:00,monday,other,y shape,tangent road with flat terrain,undivided two way,normal,daylight,dry,vehicle with vehicle collision,moving backward,overtaking,over 51,below 1yr,male,other,17,afternoon,1,False
slight injury,1,1900-01-01 17:50:00,monday,office areas,y shape,tangent road with flat terrain,two-way (divided with broken lines road marking),normal,daylight,dry,vehicle with vehicle collision,going straight,no distancing,31-50,5-10yr,male,automobile,17,afternoon,1,False
slight injury,2,1900-01-01 16:02:00,sunday,residential areas,y shape,tangent road with flat terrain,undivided two way,normal,daylight,dry,vehicle with vehicle collision,going straight,driving carelessly,31-50,1-2yr,male,automobile,16,afternoon,1,True
slight injury,2,1900-01-01 16:02:00,sunday,office areas,no junction,tangent road with flat terrain,one way,normal,daylight,dry,vehicle with vehicle collision,going straight,no priority to vehicle,under 18,below 1yr,male,automobile,16,afternoon,1,True
slight injury,2,1900-01-01 15:36:00,tuesday,office areas,no junction,tangent road with flat terrain,two-way (divided with broken lines road marking),normal,daylight,dry,vehicle with vehicle collision,going straight,no priority to vehicle,31-50,5-10yr,male,automobile,15,afternoon,1,False
slight injury,1,1900-01-01 15:36:00,tuesday,church areas,no junction,tangent road with flat terrain,double carriageway (median),raining,daylight,wet or damp,vehicle with vehicle collision,reversing,no priority to vehicle,under 18,below 1yr,male,lorry (41?100q),15,afternoon,1,False
slight injury,1,1900-01-01 20:46:00,saturday,church areas,no junction,tangent road with flat terrain,undivided two way,raining,daylight,wet or damp,vehicle with vehicle collision,going straight,no priority to vehicle,18-30,below 1yr,male,other,20,evening,1,True
slight injury,1,1900-01-01 20:46:00,saturday,residential areas,no junction,tangent road with flat terrain,undivided two way,raining,daylight,wet or damp,vehicle with vehicle collision,going straight,no distancing,18-30,5-10yr,male,pick up upto 10q,20,evening,1,True
slight injury,1,1900-01-01 07:25:00,wednesday,other,no junction,tangent road with flat terrain,undivided two way,raining,daylight,wet or damp,vehicle with vehicle collision,going straight,moving backward,31-50,2-5yr,male,pick up upto 10q,7,morning,1,False
serious injury,1,1900-01-01 07:25:00,wednesday,other,y shape,tangent road with flat terrain,other,normal,daylight,dry,vehicle with vehicle collision,going straight,no distancing,under 18,above 10yr,male,automobile,7,morning,2,False
serious injury,1,1900-01-01 19:58:00,sunday,other,y shape,tangent road with flat terrain,undivided two way,normal,daylight,dry,vehicle with vehicle collision,getting off,changing lane to the left,over 51,above 10yr,male,long lorry,19,evening,2,True
serious injury,1,1900-01-01 06:50:00,wednesday,residential areas,y shape,tangent road with flat terrain,undivided two way,normal,daylight,dry,vehicle with vehicle collision,going straight,changing lane to the left,31-50,5-10yr,male,automobile,6,morning,2,False
slight injury,2,1900-01-01 06:50:00,wednesday,office areas,no junction,tangent road with flat terrain,undivided two way,normal,daylight,dry,vehicle with vehicle collision,going straight,no priority to pedestrian,under 18,1-2yr,male,public (13?45 seats),6,morning,1,False
slight injury,2,1900-01-01 12:08:00,friday,residential areas,no junction,tangent road with flat terrain,undivided two way,normal,daylight,dry,vehicle with vehicle collision,going straight,moving backward,18-30,below 1yr,female,lorry (41?100q),12,afternoon,1,False
slight injury,2,1900-01-01 12:08:00,friday,other,no junction,tangent road with flat terrain,two-way (divided with broken lines road marking),normal,daylight,dry,vehicle with vehicle collision,going straight,changing lane to the left,18-30,below 1yr,male,public (13?45 seats),12,afternoon,1,False
slight injury,1,1900-01-01 12:08:00,friday,other,y shape,tangent road with flat terrain,two-way (divided with broken lines road marking),normal,daylight,dry,collision with roadside objects,reversing,no distancing,over 51,2-5yr,male,other,12,afternoon,1,False
slight injury,1,1900-01-01 18:40:00,tuesday,recreational areas,y shape,tangent road with flat terrain,two-way (divided with broken lines road marking),normal,daylight,dry,vehicle with vehicle collision,moving backward,no priority to vehicle,31-50,1-2yr,male,lorry (41?100q),18,evening,1,False
slight injury,3,1900-01-01 18:40:00,tuesday,church areas,no junction,tangent road with flat terrain,one way,normal,daylight,wet or damp,vehicle with vehicle collision,going straight,changing lane to the right,over 51,5-10yr,female,lorry (41?100q),18,evening,1,False
slight injury,3,1900-01-01 11:43:00,sunday,school areas,crossing,tangent road with flat terrain,two-way (divided with broken lines road marking),normal,daylight,wet or damp,vehicle with vehicle collision,going straight,no distancing,under 18,2-5yr,male,long lorry,11,morning,1,True
slight injury,3,1900-01-01 11:43:00,sunday,office areas,y shape,tangent road with flat terrain,undivided two way,normal,daylight,wet or damp,vehicle with vehicle collision,going straight,no distancing,over 51,5-10yr,male,pick up upto 10q,11,morning,1,True
serious injury,1,1900-01-01 12:00:00,saturday,other,y shape,tangent road with flat terrain,two-way (divided with broken lines road marking),normal,daylight,wet or damp,collision with pedestrians,going straight,getting off the vehicle improperly,18-30,above 10yr,male,pick up upto 10q,12,afternoon,2,True
slight injury,1,1900-01-01 12:00:00,saturday,residential areas,y shape,tangent road with flat terrain,undivided two way,cloudy,darkness - no lighting,dry,vehicle with vehicle collision,going straight,no priority to pedestrian,18-30,5-10yr,male,lorry (41?100q),12,afternoon,1,True
slight injury,1,1900-01-01 08:58:00,friday,other,y shape,tangent road with flat terrain,undivided two way,cloudy,darkness - no lighting,dry,vehicle with vehicle collision,going straight,changing lane to the left,31-50,5-10yr,male,lorry (41?100q),8,morning,1,False
slight injury,2,1900-01-01 08:20:00,thursday,other,no junction,steep grade downward with mountainous terrain,other,raining,daylight,wet or damp,vehicle with vehicle collision,turnover,no distancing,18-30,5-10yr,male,automobile,8,morning,1,False
slight injury,2,1900-01-01 23:10:00,friday,office areas,no junction,steep grade downward with mountainous terrain,one way,raining,daylight,wet or damp,vehicle with vehicle collision,going straight,driving carelessly,18-30,above 10yr,male,other,23,evening,1,False
slight injury,2,1900-01-01 23:10:00,friday,residential areas,no junction,tangent road with flat terrain,two-way (divided with broken lines road marking),raining,daylight,wet or damp,vehicle with vehicle collision,other,no distancing,31-50,1-2yr,male,automobile,23,evening,1,False
fatal injury,4,1900-01-01 22:30:00,sunday,other,no junction,tangent road with flat terrain,two-way (divided with broken lines road marking),normal,darkness - lights lit,dry,vehicle with vehicle collision,going straight,changing lane to the right,18-30,2-5yr,male,other,22,evening,3,True
fatal injury,4,1900-01-01 22:30:00,sunday,residential areas,crossing,tangent road with flat terrain,undivided two way,normal,darkness - lights lit,dry,vehicle with vehicle collision,going straight,overtaking,18-30,1-2yr,male,automobile,22,evening,3,True
fatal injury,4,1900-01-01 22:30:00,sunday,church areas,crossing,tangent road with flat terrain,two-way (divided with broken lines road marking),normal,darkness - lights lit,dry,vehicle with vehicle collision,going straight,driving carelessly,18-30,5-10yr,male,pick up upto 10q,22,evening,3,True
fatal injury,4,1900-01-01 22:30:00,sunday,residential areas,crossing,tangent road with flat terrain,two-way (divided with broken lines road marking),normal,darkness - lights lit,dry,collision with pedestrians,going straight,moving backward,over 51,5-10yr,male,automobile,22,evening,3,True
slight injury,1,1900-01-01 22:30:00,sunday,office areas,y shape,tangent road with flat terrain,one way,normal,daylight,dry,vehicle with vehicle collision,going straight,no distancing,over 51,5-10yr,male,public (12 seats),22,evening,1,True
slight injury,1,1900-01-01 17:45:00,tuesday,residential areas,y shape,tangent road with flat terrain,two-way (divided with broken lines road marking),normal,daylight,dry,vehicle with vehicle collision,moving backward,overtaking,31-50,above 10yr,male,automobile,17,afternoon,1,False
slight injury,1,1900-01-01 17:45:00,tuesday,other,crossing,tangent road with flat terrain,one way,normal,daylight,dry,vehicle with vehicle collision,moving backward,driving carelessly,18-30,2-5yr,male,other,17,afternoon,1,False
slight injury,1,1900-01-01 17:45:00,tuesday,industrial areas,crossing,tangent road with flat terrain,two-way (divided with broken lines road marking),normal,daylight,wet or damp,vehicle with vehicle collision,moving backward,driving carelessly,18-30,above 10yr,male,public (12 seats),17,afternoon,1,False
slight injury,1,1900-01-01 14:30:00,sunday,church areas,y shape,tangent road with flat terrain,two-way (divided with broken lines road marking),normal,daylight,wet or damp,collision with roadside objects,other,moving backward,31-50,2-5yr,male,stationwagen,14,afternoon,1,True
fatal injury,1,1900-01-01 14:30:00,sunday,residential areas,y shape,steep grade downward with mountainous terrain,undivided two way,normal,daylight,dry,vehicle with vehicle collision,going straight,driving carelessly,under 18,5-10yr,male,lorry (41?100q),14,afternoon,3,True
slight injury,2,1900-01-01 06:10:00,friday,other,y shape,tangent road with flat terrain,two-way (divided with broken lines road marking),normal,daylight,dry,vehicle with vehicle collision,going straight,driving to the left,18-30,5-10yr,male,lorry (41?100q),6,morning,1,False
slight injury,2,1900-01-01 06:10:00,friday,other,y shape,tangent road with flat terrain,two-way (divided with broken lines road marking),normal,daylight,dry,vehicle with vehicle collision,turnover,changing lane to the left,18-30,5-10yr,male,lorry (41?100q),6,morning,1,False
slight injury,1,1900-01-01 22:10:00,wednesday,office areas,y shape,tangent road with flat terrain,undivided two way,normal,daylight,wet or damp,vehicle with vehicle collision,getting off,no distancing,31-50,5-10yr,male,automobile,22,evening,1,False
slight injury,1,1900-01-01 22:10:00,wednesday,outside rural areas,crossing,tangent road with mountainous terrain and,two-way (divided with broken lines road marking),normal,daylight,dry,vehicle with vehicle collision,going straight,no distancing,31-50,above 10yr,male,lorry (41?100q),22,evening,1,False
slight injury,1,1900-01-01 19:00:00,tuesday,church areas,crossing,steep grade downward with mountainous terrain,two-way (divided with broken lines road marking),normal,daylight,dry,vehicle with vehicle collision,going straight,changing lane to the right,over 51,below 1yr,female,automobile,19,evening,1,False
serious injury,1,1900-01-01 19:00:00,tuesday,office areas,no junction,tangent road with mountainous terrain and,other,normal,daylight,dry,vehicle with vehicle collision,going straight,moving backward,31-50,5-10yr,male,public (12 seats),19,evening,2,False